{"metadata":{"asset_id":"69f07bd8-4fe8-4db8-8565-2be91d55d7de","asset_attributes":["connection_credentials"],"name":"c9698113-bb39-45f6-84df-8698fdf0bb8f","asset_type":"connection_credentials","created_at":"2022-09-30T14:03:18Z","origin_country":"us","owner_id":"1000331002","project_id":"c12dc7ea-26f7-4c7f-9a21-7ed161017873","size":0,"usage":{"last_update_time":1664546598909,"last_updated_at":"2022-09-30T14:03:18Z"},"rov":{"mode":16}},"entity":{"connection_credentials":{"connection_id":"f7249e7d-c761-423e-8f1e-73b2d5a0b363","owner_id":"1000331002","properties":{"auth_method":"{wdpaes256}2SmpZVha8ZKlsok9NEh7+6WvOhNX2UK05WizO7F34MiqtZvslVFzLwIgRADrbhJ1/8YJQksKLXpi+UhTWEMyMQ==","password":"{wdpaes256}anR6tZrvhjY9FDgI4p6WYyLPPcO06MZXi/GmtzYIl2aRU8bhpQUDWlsClfWKEW91","instance_id":"{wdpaes256}JTlFFWgg/ieRM6OhZfsPGGH7HJVVy9jAU6am9ZW74YDmsevtjb8McO4hw8AQmcD+IDL1LBYWkagujdeIY8HumjL8bZCmClUR26CgG//P5yY=","port":"{wdpaes256}SQJUHfS34S1O1ZlJJIuYWXsDpsSMpxSUgR0y1GzdfCbBc7X5Ux9aJ/Q7qHerGCXR","host":"{wdpaes256}nvbsPX6hQyAEeX9RKsYwIQO5YiNufyB/umP4xOz2PPLO+z0J7VHulOb/z1Wwmon5Q15oOKBprhkz8zUySw6zzg==","username":"{wdpaes256}XjtHtuYmJJ0aEgf2I6wV0dK+Yh8Af6BLDCjd5Eq+GygUzaXg2KvsceIz/Y47mmSK"}}}}