{"metadata":{"asset_id":"b185ad59-871c-4d3e-b9ad-0160f50a6d2d","asset_attributes":["connection_credentials"],"name":"c4a2c02b-3e24-4eb8-950c-9583e866e77c","asset_type":"connection_credentials","created_at":"2022-09-30T12:58:55Z","origin_country":"us","owner_id":"1000331002","project_id":"c12dc7ea-26f7-4c7f-9a21-7ed161017873","size":0,"usage":{"last_update_time":1664542959667,"last_updated_at":"2022-09-30T13:02:39Z"},"rov":{"mode":16}},"entity":{"connection_credentials":{"connection_id":"7fe185ec-5017-49c3-ae96-b70ed5c2b840","owner_id":"1000331002","properties":{"instance_id":"{wdpaes256}++2LjScmLnl+L64/P7IAfboPJ8f776WyijdRyQYGrO2FquJUsW+g7thPtT1/p1oxyZtD7tgvMWZBMexR7iOac0nxiAosXPt7ACdG68xstV0=","port":"{wdpaes256}kMN3DaJOIw9Hiv2cGil6RM0uSh3N/UQtQTx31jo2Ey0lUeUs8RBoyyQePKL/3yYl","host":"{wdpaes256}MqCVuOlUmLYdAs9ElH9MgSIsP/cDnNym+zR1ta9v8zvsDpvM53fct6FdcTm4C0s+xnaNctiJVe4BDHmNfKqCrg==","auth_method":"{wdpaes256}/IqrjEZgJTd+E09Rsq8uPXem3k9jyOcvdCHsK1gVAOYi6eldWzHg6BjMYhJWQnSPFafr0Mco+lR3q6zU3WfaXg==","password":"{wdpaes256}jCEXhLKr7uvv3F17a1VMbN0lEGvIwLiPtdu5R5+bQIrDvj6eRjZGlvjHeyz8UYUP","username":"{wdpaes256}5hf1SAr2HXZqvtO2ujAvKiKfbJcGDC/cYFb9Tr0KrJKaR8NKxTVymtoQaJK05Mp8"}}}}