{"metadata":{"asset_id":"dc0b9f69-96e3-42a5-8120-bff3fee97f41","asset_attributes":["job"],"name":"Enrich Churn Tables_publish_job","asset_type":"job","created_at":"2022-09-30T15:03:34Z","origin_country":"us","owner_id":"1000331002","project_id":"c12dc7ea-26f7-4c7f-9a21-7ed161017873","size":0,"usage":{"last_update_time":1664550214871,"last_updated_at":"2022-09-30T15:03:34Z"}},"entity":{"job":{"asset_ref_type":"metadata_enrichment_area_publish","configuration":{"metadata_enrichment_area_id":"a1b94c6a-76dd-4910-87fa-45a6d52ce24c","env_type":"metadata_enrichment_area_publish","env_variables":[]},"last_run_initiator":"None","last_run_time":"","last_run_status":"None","last_run_status_timestamp":0,"future_scheduled_runs":[],"enable_notifications":true,"project_name":"Govern DV","schedule_id":"","schedule_creator_id":""}}}