{"metadata":{"asset_id":"5a6d1b83-1152-4332-910c-259544d77c2a","asset_attributes":["job"],"name":"Enrich DV tables","asset_type":"job","created_at":"2022-09-30T13:00:52Z","origin_country":"us","owner_id":"1000331002","project_id":"c12dc7ea-26f7-4c7f-9a21-7ed161017873","size":0,"usage":{"last_update_time":1664546666648,"last_updated_at":"2022-09-30T14:04:26Z"}},"entity":{"job":{"asset_ref_type":"metadata_enrichment_area","configuration":{"env_type":"","env_variables":[]},"schedule_info":{},"last_run_initiator":"None","last_run_time":"","last_run_status":"None","last_run_status_timestamp":0,"future_scheduled_runs":[],"enable_notifications":true,"project_name":"Govern DV","asset_ref":"a99d3d09-2403-41f5-a722-fbc354b170cc","schedule_id":"","schedule_creator_id":""}}}