{"metadata":{"asset_id":"ffc0206a-e305-491b-b550-631823ff77eb","asset_attributes":["job"],"name":"Enrich DV tables_publish_job","asset_type":"job","created_at":"2022-09-30T13:06:20Z","origin_country":"us","owner_id":"1000331002","project_id":"c12dc7ea-26f7-4c7f-9a21-7ed161017873","size":0,"usage":{"last_update_time":1664543180110,"last_updated_at":"2022-09-30T13:06:20Z"}},"entity":{"job":{"asset_ref_type":"metadata_enrichment_area_publish","configuration":{"metadata_enrichment_area_id":"a99d3d09-2403-41f5-a722-fbc354b170cc","env_type":"metadata_enrichment_area_publish","env_variables":[]},"last_run_initiator":"None","last_run_time":"","last_run_status":"None","last_run_status_timestamp":0,"future_scheduled_runs":[],"enable_notifications":true,"project_name":"Govern DV","schedule_id":"","schedule_creator_id":""}}}