{"metadata":{"asset_id":"888d0c7c-5d07-4712-a61a-f60a0ce3d51a","asset_attributes":["job"],"name":"Enrich Churn Tables","asset_type":"job","created_at":"2022-09-30T14:52:53Z","origin_country":"us","owner_id":"1000331002","project_id":"c12dc7ea-26f7-4c7f-9a21-7ed161017873","size":0,"usage":{"last_update_time":1664549574368,"last_updated_at":"2022-09-30T14:52:54Z"}},"entity":{"job":{"asset_ref_type":"metadata_enrichment_area","configuration":{"env_type":"","env_variables":[]},"schedule_info":{},"last_run_initiator":"None","last_run_time":"","last_run_status":"None","last_run_status_timestamp":0,"future_scheduled_runs":[],"enable_notifications":true,"project_name":"Govern DV","asset_ref":"a1b94c6a-76dd-4910-87fa-45a6d52ce24c","schedule_id":"","schedule_creator_id":""}}}