{"metadata":{"asset_id":"df90bd44-dbe3-4968-a272-25f1f9b0abd0","asset_attributes":["job_run"],"name":"job run","asset_type":"job_run","created_at":"2022-09-30T10:32:45Z","origin_country":"us","owner_id":"1000331002","project_id":"c12dc7ea-26f7-4c7f-9a21-7ed161017873","size":530,"usage":{"last_update_time":1664534088644,"last_updated_at":"2022-09-30T10:34:48Z"}},"entity":{"job_run":{"job_ref":"aac2f275-0b2b-4134-b831-a82eb732983d","job_name":"Enrich DV tables","job_type":"metadata_enrichment_area","state":"Completed","isScheduledRun":false,"configuration":{"env_type":"","env_variables":[]},"project_name":"Govern DV","last_state_change_timestamp":"2022-09-30T10:34:48Z","duration":122}},"attachments":[{"id":"85212749-9df0-4909-92d3-53cf3abbfdc7","version":2,"asset_type":"job_run","name":"jobRunLog_84ebe6dc-42f5-4351-a54d-0dd0681d1cf7","mime":"text/plain","datasource_type":"81bafdbd-b7c6-45c5-a4fd-6ec135f66f4e","object_key":"mdesm/jobRunLog_84ebe6dc-42f5-4351-a54d-0dd0681d1cf7.txt","creator_id":"icp4d-dev","create_time":1664534088425,"size":530,"is_remote":false,"is_managed":false,"is_referenced":true,"is_object_key_read_only":false,"is_user_provided_path_key":true,"transfer_complete":true,"is_partitioned":false,"complete_time_ticks":1664534088425,"user_data":{},"test_doc":0,"handle":{"key":"mdesm/jobRunLog_84ebe6dc-42f5-4351-a54d-0dd0681d1cf7.txt","upload_id":"done","max_part_num":1},"usage":{"access_count":0,"last_accessor_id":"icp4d-dev","last_access_time":1664534088425}},{"id":"590a1b33-7f80-4247-8622-4331577b59d0","version":2,"asset_type":"job_run","name":"df90bd44-dbe3-4968-a272-25f1f9b0abd0","description":"log for job run df90bd44-dbe3-4968-a272-25f1f9b0abd0","mime":"application/json","datasource_type":"81bafdbd-b7c6-45c5-a4fd-6ec135f66f4e","object_key":"mdesm/jobRunLog_84ebe6dc-42f5-4351-a54d-0dd0681d1cf7.txt","creator_id":"icp4d-dev","create_time":1664534088600,"size":0,"is_remote":false,"is_managed":false,"is_referenced":true,"is_object_key_read_only":false,"is_user_provided_path_key":true,"transfer_complete":true,"is_partitioned":true,"complete_time_ticks":1664534088600,"user_data":{},"test_doc":0,"handle":{"key":"mdesm/jobRunLog_84ebe6dc-42f5-4351-a54d-0dd0681d1cf7.txt","upload_id":"done","max_part_num":1},"usage":{"access_count":0,"last_accessor_id":"icp4d-dev","last_access_time":1664534088600}}]}