{"metadata":{"asset_id":"9a5a36ef-fa91-4158-beb1-0b3528f52ab8","asset_attributes":["job_run"],"name":"job run","asset_type":"job_run","created_at":"2022-09-30T09:05:22Z","origin_country":"us","owner_id":"1000331002","project_id":"c12dc7ea-26f7-4c7f-9a21-7ed161017873","size":530,"usage":{"last_update_time":1664528831755,"last_updated_at":"2022-09-30T09:07:11Z"}},"entity":{"job_run":{"job_ref":"aac2f275-0b2b-4134-b831-a82eb732983d","job_name":"Enrich DV tables","job_type":"metadata_enrichment_area","state":"Completed","isScheduledRun":false,"configuration":{"env_type":"","env_variables":[]},"project_name":"Govern DV","last_state_change_timestamp":"2022-09-30T09:07:11Z","duration":108}},"attachments":[{"id":"56c2aa5d-d021-43b6-a562-b7b668b5469e","version":2,"asset_type":"job_run","name":"jobRunLog_66c2f10e-eb65-40b5-a3ec-c956b99051eb","mime":"text/plain","datasource_type":"81bafdbd-b7c6-45c5-a4fd-6ec135f66f4e","object_key":"mdesm/jobRunLog_66c2f10e-eb65-40b5-a3ec-c956b99051eb.txt","creator_id":"icp4d-dev","create_time":1664528831474,"size":530,"is_remote":false,"is_managed":false,"is_referenced":true,"is_object_key_read_only":false,"is_user_provided_path_key":true,"transfer_complete":true,"is_partitioned":false,"complete_time_ticks":1664528831474,"user_data":{},"test_doc":0,"handle":{"key":"mdesm/jobRunLog_66c2f10e-eb65-40b5-a3ec-c956b99051eb.txt","upload_id":"done","max_part_num":1},"usage":{"access_count":0,"last_accessor_id":"icp4d-dev","last_access_time":1664528831474}},{"id":"43937908-e8e3-4dc4-b551-f674fc89695c","version":2,"asset_type":"job_run","name":"9a5a36ef-fa91-4158-beb1-0b3528f52ab8","description":"log for job run 9a5a36ef-fa91-4158-beb1-0b3528f52ab8","mime":"application/json","datasource_type":"81bafdbd-b7c6-45c5-a4fd-6ec135f66f4e","object_key":"mdesm/jobRunLog_66c2f10e-eb65-40b5-a3ec-c956b99051eb.txt","creator_id":"icp4d-dev","create_time":1664528831708,"size":0,"is_remote":false,"is_managed":false,"is_referenced":true,"is_object_key_read_only":false,"is_user_provided_path_key":true,"transfer_complete":true,"is_partitioned":true,"complete_time_ticks":1664528831708,"user_data":{},"test_doc":0,"handle":{"key":"mdesm/jobRunLog_66c2f10e-eb65-40b5-a3ec-c956b99051eb.txt","upload_id":"done","max_part_num":1},"usage":{"access_count":0,"last_accessor_id":"icp4d-dev","last_access_time":1664528831708}}]}