{"metadata":{"asset_id":"8f07eaa2-e786-4ca2-ab9a-60af2c9c89a9","asset_attributes":["job_run"],"name":"job run","asset_type":"job_run","created_at":"2022-09-30T12:25:33Z","origin_country":"us","owner_id":"1000331002","project_id":"c12dc7ea-26f7-4c7f-9a21-7ed161017873","size":251,"usage":{"last_update_time":1664540747046,"last_updated_at":"2022-09-30T12:25:47Z"}},"entity":{"job_run":{"job_ref":"10bec089-a0a4-4603-9f9e-4a37c237be36","job_name":"Enrich DV tables_publish_job","job_type":"metadata_enrichment_area_publish","state":"Completed","isScheduledRun":false,"configuration":{"metadata_enrichment_area_id":"0b3a41e8-18b8-4cf3-bad7-31677957784a","env_type":"metadata_enrichment_area_publish","env_variables":[],"catalog_id":"bf217836-41bc-4076-b84b-91303df6adfa","duplicate_action":"UPDATE","asset_ids":["7cbc2dca-c798-4cca-a320-f572ec8486d2"]},"project_name":"Govern DV","last_state_change_timestamp":"2022-09-30T12:25:46Z","duration":13}},"attachments":[{"id":"bf6aaaa9-1ba5-4383-abb1-1f016cc883fb","version":2,"asset_type":"job_run","name":"jobRunLog_5aea2ff8-478b-4b4e-9570-cd414cf96a11","mime":"text/plain","datasource_type":"81bafdbd-b7c6-45c5-a4fd-6ec135f66f4e","object_key":"mdesm/jobRunLog_5aea2ff8-478b-4b4e-9570-cd414cf96a11.txt","creator_id":"icp4d-dev","create_time":1664540746509,"size":251,"is_remote":false,"is_managed":false,"is_referenced":true,"is_object_key_read_only":false,"is_user_provided_path_key":true,"transfer_complete":true,"is_partitioned":false,"complete_time_ticks":1664540746509,"user_data":{},"test_doc":0,"handle":{"key":"mdesm/jobRunLog_5aea2ff8-478b-4b4e-9570-cd414cf96a11.txt","upload_id":"done","max_part_num":1},"usage":{"access_count":0,"last_accessor_id":"icp4d-dev","last_access_time":1664540746509}},{"id":"d82b9161-77a5-42e3-a3d6-5e8a9a856db0","version":2,"asset_type":"job_run","name":"8f07eaa2-e786-4ca2-ab9a-60af2c9c89a9","description":"log for job run 8f07eaa2-e786-4ca2-ab9a-60af2c9c89a9","mime":"application/json","datasource_type":"81bafdbd-b7c6-45c5-a4fd-6ec135f66f4e","object_key":"mdesm/jobRunLog_5aea2ff8-478b-4b4e-9570-cd414cf96a11.txt","creator_id":"icp4d-dev","create_time":1664540746893,"size":0,"is_remote":false,"is_managed":false,"is_referenced":true,"is_object_key_read_only":false,"is_user_provided_path_key":true,"transfer_complete":true,"is_partitioned":true,"complete_time_ticks":1664540746893,"user_data":{},"test_doc":0,"handle":{"key":"mdesm/jobRunLog_5aea2ff8-478b-4b4e-9570-cd414cf96a11.txt","upload_id":"done","max_part_num":1},"usage":{"access_count":0,"last_accessor_id":"icp4d-dev","last_access_time":1664540746893}}]}