{"metadata":{"asset_id":"931d28d9-479d-494c-b39f-6afde1a337a1","asset_attributes":["job_run"],"name":"job run","asset_type":"job_run","created_at":"2022-09-30T14:04:27Z","origin_country":"us","owner_id":"1000331002","project_id":"c12dc7ea-26f7-4c7f-9a21-7ed161017873","size":530,"usage":{"last_update_time":1664546788356,"last_updated_at":"2022-09-30T14:06:28Z"}},"entity":{"job_run":{"job_ref":"5a6d1b83-1152-4332-910c-259544d77c2a","job_name":"Enrich DV tables","job_type":"metadata_enrichment_area","state":"Completed","isScheduledRun":false,"configuration":{"env_type":"","env_variables":[]},"project_name":"Govern DV","last_state_change_timestamp":"2022-09-30T14:06:28Z","duration":120}},"attachments":[{"id":"1af44a8b-8424-4d8d-960d-608306f0a226","version":2,"asset_type":"job_run","name":"jobRunLog_f0f96019-6707-4e32-9ed4-61ec497d8b2e","mime":"text/plain","datasource_type":"81bafdbd-b7c6-45c5-a4fd-6ec135f66f4e","object_key":"mdesm/jobRunLog_f0f96019-6707-4e32-9ed4-61ec497d8b2e.txt","creator_id":"icp4d-dev","create_time":1664546788082,"size":530,"is_remote":false,"is_managed":false,"is_referenced":true,"is_object_key_read_only":false,"is_user_provided_path_key":true,"transfer_complete":true,"is_partitioned":false,"complete_time_ticks":1664546788082,"user_data":{},"test_doc":0,"handle":{"key":"mdesm/jobRunLog_f0f96019-6707-4e32-9ed4-61ec497d8b2e.txt","upload_id":"done","max_part_num":1},"usage":{"access_count":0,"last_accessor_id":"icp4d-dev","last_access_time":1664546788082}},{"id":"55e43c81-b48b-4ea3-9852-8bc57406be5d","version":2,"asset_type":"job_run","name":"931d28d9-479d-494c-b39f-6afde1a337a1","description":"log for job run 931d28d9-479d-494c-b39f-6afde1a337a1","mime":"application/json","datasource_type":"81bafdbd-b7c6-45c5-a4fd-6ec135f66f4e","object_key":"mdesm/jobRunLog_f0f96019-6707-4e32-9ed4-61ec497d8b2e.txt","creator_id":"icp4d-dev","create_time":1664546788314,"size":0,"is_remote":false,"is_managed":false,"is_referenced":true,"is_object_key_read_only":false,"is_user_provided_path_key":true,"transfer_complete":true,"is_partitioned":true,"complete_time_ticks":1664546788314,"user_data":{},"test_doc":0,"handle":{"key":"mdesm/jobRunLog_f0f96019-6707-4e32-9ed4-61ec497d8b2e.txt","upload_id":"done","max_part_num":1},"usage":{"access_count":0,"last_accessor_id":"icp4d-dev","last_access_time":1664546788314}}]}