{"metadata":{"asset_id":"71b5e72e-0025-4f5a-8f2a-a9c57aa52ada","asset_attributes":["job_run"],"name":"job run","asset_type":"job_run","created_at":"2022-09-30T13:00:54Z","origin_country":"us","owner_id":"1000331002","project_id":"c12dc7ea-26f7-4c7f-9a21-7ed161017873","size":1011,"usage":{"last_update_time":1664542873049,"last_updated_at":"2022-09-30T13:01:13Z"}},"entity":{"job_run":{"job_ref":"5a6d1b83-1152-4332-910c-259544d77c2a","job_name":"Enrich DV tables","job_type":"metadata_enrichment_area","state":"Failed","isScheduledRun":false,"configuration":{"env_type":"","env_variables":[]},"project_name":"Govern DV","last_state_change_timestamp":"2022-09-30T13:01:12Z","duration":18}},"attachments":[{"id":"06b82320-17f3-4ef7-b9eb-373e48122bd6","version":2,"asset_type":"job_run","name":"jobRunLog_a52461d6-8ab6-4876-9a0b-e2c2cf819d77","mime":"text/plain","datasource_type":"81bafdbd-b7c6-45c5-a4fd-6ec135f66f4e","object_key":"mdesm/jobRunLog_a52461d6-8ab6-4876-9a0b-e2c2cf819d77.txt","creator_id":"icp4d-dev","create_time":1664542872797,"size":1011,"is_remote":false,"is_managed":false,"is_referenced":true,"is_object_key_read_only":false,"is_user_provided_path_key":true,"transfer_complete":true,"is_partitioned":false,"complete_time_ticks":1664542872797,"user_data":{},"test_doc":0,"handle":{"key":"mdesm/jobRunLog_a52461d6-8ab6-4876-9a0b-e2c2cf819d77.txt","upload_id":"done","max_part_num":1},"usage":{"access_count":0,"last_accessor_id":"icp4d-dev","last_access_time":1664542872797}},{"id":"b1761d5c-ba17-41d4-af8a-353f29f92bc3","version":2,"asset_type":"job_run","name":"71b5e72e-0025-4f5a-8f2a-a9c57aa52ada","description":"log for job run 71b5e72e-0025-4f5a-8f2a-a9c57aa52ada","mime":"application/json","datasource_type":"81bafdbd-b7c6-45c5-a4fd-6ec135f66f4e","object_key":"mdesm/jobRunLog_a52461d6-8ab6-4876-9a0b-e2c2cf819d77.txt","creator_id":"icp4d-dev","create_time":1664542873005,"size":0,"is_remote":false,"is_managed":false,"is_referenced":true,"is_object_key_read_only":false,"is_user_provided_path_key":true,"transfer_complete":true,"is_partitioned":true,"complete_time_ticks":1664542873005,"user_data":{},"test_doc":0,"handle":{"key":"mdesm/jobRunLog_a52461d6-8ab6-4876-9a0b-e2c2cf819d77.txt","upload_id":"done","max_part_num":1},"usage":{"access_count":0,"last_accessor_id":"icp4d-dev","last_access_time":1664542873005}}]}