{"metadata":{"asset_id":"292bcd86-7f65-465f-9946-1cc99c154209","asset_attributes":["job_run"],"name":"job run","asset_type":"job_run","created_at":"2022-09-30T10:47:07Z","origin_country":"us","owner_id":"1000331002","project_id":"c12dc7ea-26f7-4c7f-9a21-7ed161017873","size":251,"usage":{"last_update_time":1664534847683,"last_updated_at":"2022-09-30T10:47:27Z"}},"entity":{"job_run":{"job_ref":"10bec089-a0a4-4603-9f9e-4a37c237be36","job_name":"Enrich DV tables_publish_job","job_type":"metadata_enrichment_area_publish","state":"Completed","isScheduledRun":false,"configuration":{"metadata_enrichment_area_id":"0b3a41e8-18b8-4cf3-bad7-31677957784a","env_type":"metadata_enrichment_area_publish","env_variables":[],"catalog_id":"2412949f-d9f6-4a23-b8a1-2a7b5e3332b8","duplicate_action":"UPDATE","asset_ids":["7cbc2dca-c798-4cca-a320-f572ec8486d2","a216b60c-416f-43c5-8841-9a93cea11a64"]},"project_name":"Govern DV","last_state_change_timestamp":"2022-09-30T10:47:27Z","duration":19}},"attachments":[{"id":"75c76142-99c6-40cc-96ac-9c85b31810ae","version":2,"asset_type":"job_run","name":"jobRunLog_3b9b77cd-2981-408a-baca-a4e0e67d4c7f","mime":"text/plain","datasource_type":"81bafdbd-b7c6-45c5-a4fd-6ec135f66f4e","object_key":"mdesm/jobRunLog_3b9b77cd-2981-408a-baca-a4e0e67d4c7f.txt","creator_id":"icp4d-dev","create_time":1664534846718,"size":251,"is_remote":false,"is_managed":false,"is_referenced":true,"is_object_key_read_only":false,"is_user_provided_path_key":true,"transfer_complete":true,"is_partitioned":false,"complete_time_ticks":1664534846718,"user_data":{},"test_doc":0,"handle":{"key":"mdesm/jobRunLog_3b9b77cd-2981-408a-baca-a4e0e67d4c7f.txt","upload_id":"done","max_part_num":1},"usage":{"access_count":0,"last_accessor_id":"icp4d-dev","last_access_time":1664534846718}},{"id":"3371f49a-3bba-45a5-9956-0d43df4b2a16","version":2,"asset_type":"job_run","name":"292bcd86-7f65-465f-9946-1cc99c154209","description":"log for job run 292bcd86-7f65-465f-9946-1cc99c154209","mime":"application/json","datasource_type":"81bafdbd-b7c6-45c5-a4fd-6ec135f66f4e","object_key":"mdesm/jobRunLog_3b9b77cd-2981-408a-baca-a4e0e67d4c7f.txt","creator_id":"icp4d-dev","create_time":1664534847464,"size":0,"is_remote":false,"is_managed":false,"is_referenced":true,"is_object_key_read_only":false,"is_user_provided_path_key":true,"transfer_complete":true,"is_partitioned":true,"complete_time_ticks":1664534847464,"user_data":{},"test_doc":0,"handle":{"key":"mdesm/jobRunLog_3b9b77cd-2981-408a-baca-a4e0e67d4c7f.txt","upload_id":"done","max_part_num":1},"usage":{"access_count":0,"last_accessor_id":"icp4d-dev","last_access_time":1664534847464}}]}