{"metadata":{"asset_id":"5129f093-cdf9-4873-b01b-3c7468fe86f4","asset_attributes":["job_run"],"name":"job run","asset_type":"job_run","created_at":"2022-09-30T15:03:35Z","origin_country":"us","owner_id":"1000331002","project_id":"c12dc7ea-26f7-4c7f-9a21-7ed161017873","size":251,"usage":{"last_update_time":1664550237356,"last_updated_at":"2022-09-30T15:03:57Z"}},"entity":{"job_run":{"job_ref":"dc0b9f69-96e3-42a5-8120-bff3fee97f41","job_name":"Enrich Churn Tables_publish_job","job_type":"metadata_enrichment_area_publish","state":"Completed","isScheduledRun":false,"configuration":{"metadata_enrichment_area_id":"a1b94c6a-76dd-4910-87fa-45a6d52ce24c","env_type":"metadata_enrichment_area_publish","env_variables":[],"catalog_id":"2412949f-d9f6-4a23-b8a1-2a7b5e3332b8","duplicate_action":"UPDATE","asset_ids":["40855a0d-c030-440c-9a5f-1ff1c58e4a69","afae0d4c-6b53-4f02-a242-de0b28087ac3"]},"project_name":"Govern DV","last_state_change_timestamp":"2022-09-30T15:03:57Z","duration":21}},"attachments":[{"id":"ddd87a90-eccc-49dc-8d3f-537e1725f2a5","version":2,"asset_type":"job_run","name":"jobRunLog_9882289f-5aca-4337-9b6a-9dd0f6235e8a","mime":"text/plain","datasource_type":"81bafdbd-b7c6-45c5-a4fd-6ec135f66f4e","object_key":"mdesm/jobRunLog_9882289f-5aca-4337-9b6a-9dd0f6235e8a.txt","creator_id":"icp4d-dev","create_time":1664550236862,"size":251,"is_remote":false,"is_managed":false,"is_referenced":true,"is_object_key_read_only":false,"is_user_provided_path_key":true,"transfer_complete":true,"is_partitioned":false,"complete_time_ticks":1664550236862,"user_data":{},"test_doc":0,"handle":{"key":"mdesm/jobRunLog_9882289f-5aca-4337-9b6a-9dd0f6235e8a.txt","upload_id":"done","max_part_num":1},"usage":{"access_count":0,"last_accessor_id":"icp4d-dev","last_access_time":1664550236862}},{"id":"f5bbeef5-0407-44e0-b18d-90c47a0dcd69","version":2,"asset_type":"job_run","name":"5129f093-cdf9-4873-b01b-3c7468fe86f4","description":"log for job run 5129f093-cdf9-4873-b01b-3c7468fe86f4","mime":"application/json","datasource_type":"81bafdbd-b7c6-45c5-a4fd-6ec135f66f4e","object_key":"mdesm/jobRunLog_9882289f-5aca-4337-9b6a-9dd0f6235e8a.txt","creator_id":"icp4d-dev","create_time":1664550237265,"size":0,"is_remote":false,"is_managed":false,"is_referenced":true,"is_object_key_read_only":false,"is_user_provided_path_key":true,"transfer_complete":true,"is_partitioned":true,"complete_time_ticks":1664550237265,"user_data":{},"test_doc":0,"handle":{"key":"mdesm/jobRunLog_9882289f-5aca-4337-9b6a-9dd0f6235e8a.txt","upload_id":"done","max_part_num":1},"usage":{"access_count":0,"last_accessor_id":"icp4d-dev","last_access_time":1664550237265}}]}