{"metadata":{"asset_id":"0a1161dd-f494-4bb8-a77b-ce4a1ea83c94","asset_attributes":["job_run"],"name":"job run","asset_type":"job_run","created_at":"2022-09-30T14:01:57Z","origin_country":"us","owner_id":"1000331002","project_id":"c12dc7ea-26f7-4c7f-9a21-7ed161017873","size":1434,"usage":{"last_update_time":1664546537283,"last_updated_at":"2022-09-30T14:02:17Z"}},"entity":{"job_run":{"job_ref":"5a6d1b83-1152-4332-910c-259544d77c2a","job_name":"Enrich DV tables","job_type":"metadata_enrichment_area","state":"Failed","isScheduledRun":false,"configuration":{"env_type":"","env_variables":[]},"project_name":"Govern DV","last_state_change_timestamp":"2022-09-30T14:02:17Z","duration":19}},"attachments":[{"id":"6c52ab5a-4dc8-436c-88d7-64450310094d","version":2,"asset_type":"job_run","name":"jobRunLog_0d5bae21-93dc-414c-aa90-a2019f72a2f8","mime":"text/plain","datasource_type":"81bafdbd-b7c6-45c5-a4fd-6ec135f66f4e","object_key":"mdesm/jobRunLog_0d5bae21-93dc-414c-aa90-a2019f72a2f8.txt","creator_id":"icp4d-dev","create_time":1664546536986,"size":1434,"is_remote":false,"is_managed":false,"is_referenced":true,"is_object_key_read_only":false,"is_user_provided_path_key":true,"transfer_complete":true,"is_partitioned":false,"complete_time_ticks":1664546536986,"user_data":{},"test_doc":0,"handle":{"key":"mdesm/jobRunLog_0d5bae21-93dc-414c-aa90-a2019f72a2f8.txt","upload_id":"done","max_part_num":1},"usage":{"access_count":0,"last_accessor_id":"icp4d-dev","last_access_time":1664546536986}},{"id":"e4d4644a-b818-4ace-9015-c831dc2be3c5","version":2,"asset_type":"job_run","name":"0a1161dd-f494-4bb8-a77b-ce4a1ea83c94","description":"log for job run 0a1161dd-f494-4bb8-a77b-ce4a1ea83c94","mime":"application/json","datasource_type":"81bafdbd-b7c6-45c5-a4fd-6ec135f66f4e","object_key":"mdesm/jobRunLog_0d5bae21-93dc-414c-aa90-a2019f72a2f8.txt","creator_id":"icp4d-dev","create_time":1664546537228,"size":0,"is_remote":false,"is_managed":false,"is_referenced":true,"is_object_key_read_only":false,"is_user_provided_path_key":true,"transfer_complete":true,"is_partitioned":true,"complete_time_ticks":1664546537228,"user_data":{},"test_doc":0,"handle":{"key":"mdesm/jobRunLog_0d5bae21-93dc-414c-aa90-a2019f72a2f8.txt","upload_id":"done","max_part_num":1},"usage":{"access_count":0,"last_accessor_id":"icp4d-dev","last_access_time":1664546537228}}]}