{"metadata":{"asset_id":"2e69fe48-bf99-4bfb-98a6-d2ca906e5412","asset_attributes":["job_run"],"name":"job run","asset_type":"job_run","created_at":"2022-09-30T09:56:32Z","origin_country":"us","owner_id":"1000331002","project_id":"c12dc7ea-26f7-4c7f-9a21-7ed161017873","size":530,"usage":{"last_update_time":1664531905140,"last_updated_at":"2022-09-30T09:58:25Z"}},"entity":{"job_run":{"job_ref":"aac2f275-0b2b-4134-b831-a82eb732983d","job_name":"Enrich DV tables","job_type":"metadata_enrichment_area","state":"Completed","isScheduledRun":false,"configuration":{"env_type":"","env_variables":[]},"project_name":"Govern DV","last_state_change_timestamp":"2022-09-30T09:58:24Z","duration":111}},"attachments":[{"id":"a4a42b1f-d26a-4422-a955-fbeac8fa4e2a","version":2,"asset_type":"job_run","name":"jobRunLog_f6e6a0bb-33a4-4bc0-8691-ddbdca5a241b","mime":"text/plain","datasource_type":"81bafdbd-b7c6-45c5-a4fd-6ec135f66f4e","object_key":"mdesm/jobRunLog_f6e6a0bb-33a4-4bc0-8691-ddbdca5a241b.txt","creator_id":"icp4d-dev","create_time":1664531904336,"size":530,"is_remote":false,"is_managed":false,"is_referenced":true,"is_object_key_read_only":false,"is_user_provided_path_key":true,"transfer_complete":true,"is_partitioned":false,"complete_time_ticks":1664531904336,"user_data":{},"test_doc":0,"handle":{"key":"mdesm/jobRunLog_f6e6a0bb-33a4-4bc0-8691-ddbdca5a241b.txt","upload_id":"done","max_part_num":1},"usage":{"access_count":0,"last_accessor_id":"icp4d-dev","last_access_time":1664531904336}},{"id":"7a03e0fc-c6ea-4ac0-8162-0e1aed071c48","version":2,"asset_type":"job_run","name":"2e69fe48-bf99-4bfb-98a6-d2ca906e5412","description":"log for job run 2e69fe48-bf99-4bfb-98a6-d2ca906e5412","mime":"application/json","datasource_type":"81bafdbd-b7c6-45c5-a4fd-6ec135f66f4e","object_key":"mdesm/jobRunLog_f6e6a0bb-33a4-4bc0-8691-ddbdca5a241b.txt","creator_id":"icp4d-dev","create_time":1664531904921,"size":0,"is_remote":false,"is_managed":false,"is_referenced":true,"is_object_key_read_only":false,"is_user_provided_path_key":true,"transfer_complete":true,"is_partitioned":true,"complete_time_ticks":1664531904921,"user_data":{},"test_doc":0,"handle":{"key":"mdesm/jobRunLog_f6e6a0bb-33a4-4bc0-8691-ddbdca5a241b.txt","upload_id":"done","max_part_num":1},"usage":{"access_count":0,"last_accessor_id":"icp4d-dev","last_access_time":1664531904921}}]}