{"metadata":{"asset_id":"a9619edd-4f9a-4e64-9e34-e56c3ba8d10b","asset_attributes":["job_run"],"name":"job run","asset_type":"job_run","created_at":"2022-09-30T14:52:54Z","origin_country":"us","owner_id":"1000331002","project_id":"c12dc7ea-26f7-4c7f-9a21-7ed161017873","size":530,"usage":{"last_update_time":1664549670186,"last_updated_at":"2022-09-30T14:54:30Z"}},"entity":{"job_run":{"job_ref":"888d0c7c-5d07-4712-a61a-f60a0ce3d51a","job_name":"Enrich Churn Tables","job_type":"metadata_enrichment_area","state":"Completed","isScheduledRun":false,"configuration":{"env_type":"","env_variables":[]},"project_name":"Govern DV","last_state_change_timestamp":"2022-09-30T14:54:30Z","duration":95}},"attachments":[{"id":"b0dffaf2-792e-41d5-9db0-926f8bb968a0","version":2,"asset_type":"job_run","name":"jobRunLog_e13fb986-bbaa-4cc7-ac39-35e4f7685db5","mime":"text/plain","datasource_type":"81bafdbd-b7c6-45c5-a4fd-6ec135f66f4e","object_key":"mdesm/jobRunLog_e13fb986-bbaa-4cc7-ac39-35e4f7685db5.txt","creator_id":"icp4d-dev","create_time":1664549669979,"size":530,"is_remote":false,"is_managed":false,"is_referenced":true,"is_object_key_read_only":false,"is_user_provided_path_key":true,"transfer_complete":true,"is_partitioned":false,"complete_time_ticks":1664549669979,"user_data":{},"test_doc":0,"handle":{"key":"mdesm/jobRunLog_e13fb986-bbaa-4cc7-ac39-35e4f7685db5.txt","upload_id":"done","max_part_num":1},"usage":{"access_count":0,"last_accessor_id":"icp4d-dev","last_access_time":1664549669979}},{"id":"2bf307b2-0989-4dbe-834b-053865f407e1","version":2,"asset_type":"job_run","name":"a9619edd-4f9a-4e64-9e34-e56c3ba8d10b","description":"log for job run a9619edd-4f9a-4e64-9e34-e56c3ba8d10b","mime":"application/json","datasource_type":"81bafdbd-b7c6-45c5-a4fd-6ec135f66f4e","object_key":"mdesm/jobRunLog_e13fb986-bbaa-4cc7-ac39-35e4f7685db5.txt","creator_id":"icp4d-dev","create_time":1664549670130,"size":0,"is_remote":false,"is_managed":false,"is_referenced":true,"is_object_key_read_only":false,"is_user_provided_path_key":true,"transfer_complete":true,"is_partitioned":true,"complete_time_ticks":1664549670130,"user_data":{},"test_doc":0,"handle":{"key":"mdesm/jobRunLog_e13fb986-bbaa-4cc7-ac39-35e4f7685db5.txt","upload_id":"done","max_part_num":1},"usage":{"access_count":0,"last_accessor_id":"icp4d-dev","last_access_time":1664549670130}}]}