{"metadata":{"asset_id":"062c47d0-a368-474c-822e-87757a4032fb","asset_attributes":["job_run"],"name":"job run","asset_type":"job_run","created_at":"2022-09-30T10:19:28Z","origin_country":"us","owner_id":"1000331002","project_id":"c12dc7ea-26f7-4c7f-9a21-7ed161017873","size":530,"usage":{"last_update_time":1664533267343,"last_updated_at":"2022-09-30T10:21:07Z"}},"entity":{"job_run":{"job_ref":"aac2f275-0b2b-4134-b831-a82eb732983d","job_name":"Enrich DV tables","job_type":"metadata_enrichment_area","state":"Completed","isScheduledRun":false,"configuration":{"env_type":"","env_variables":[]},"project_name":"Govern DV","last_state_change_timestamp":"2022-09-30T10:21:07Z","duration":98}},"attachments":[{"id":"ca382e2a-814e-4ccd-a147-f6c205a994de","version":2,"asset_type":"job_run","name":"jobRunLog_e798550e-c643-4a10-ad71-6e367e0acb6b","mime":"text/plain","datasource_type":"81bafdbd-b7c6-45c5-a4fd-6ec135f66f4e","object_key":"mdesm/jobRunLog_e798550e-c643-4a10-ad71-6e367e0acb6b.txt","creator_id":"icp4d-dev","create_time":1664533266931,"size":530,"is_remote":false,"is_managed":false,"is_referenced":true,"is_object_key_read_only":false,"is_user_provided_path_key":true,"transfer_complete":true,"is_partitioned":false,"complete_time_ticks":1664533266931,"user_data":{},"test_doc":0,"handle":{"key":"mdesm/jobRunLog_e798550e-c643-4a10-ad71-6e367e0acb6b.txt","upload_id":"done","max_part_num":1},"usage":{"access_count":0,"last_accessor_id":"icp4d-dev","last_access_time":1664533266931}},{"id":"1fea4b53-0daf-4efe-966f-65be857816e0","version":2,"asset_type":"job_run","name":"062c47d0-a368-474c-822e-87757a4032fb","description":"log for job run 062c47d0-a368-474c-822e-87757a4032fb","mime":"application/json","datasource_type":"81bafdbd-b7c6-45c5-a4fd-6ec135f66f4e","object_key":"mdesm/jobRunLog_e798550e-c643-4a10-ad71-6e367e0acb6b.txt","creator_id":"icp4d-dev","create_time":1664533267258,"size":0,"is_remote":false,"is_managed":false,"is_referenced":true,"is_object_key_read_only":false,"is_user_provided_path_key":true,"transfer_complete":true,"is_partitioned":true,"complete_time_ticks":1664533267258,"user_data":{},"test_doc":0,"handle":{"key":"mdesm/jobRunLog_e798550e-c643-4a10-ad71-6e367e0acb6b.txt","upload_id":"done","max_part_num":1},"usage":{"access_count":0,"last_accessor_id":"icp4d-dev","last_access_time":1664533267258}}]}