{"metadata":{"asset_id":"86f2dad5-f6bb-497d-ad44-71d65442be27","asset_attributes":["job_run"],"name":"job run","asset_type":"job_run","created_at":"2022-09-30T13:06:21Z","origin_country":"us","owner_id":"1000331002","project_id":"c12dc7ea-26f7-4c7f-9a21-7ed161017873","size":251,"usage":{"last_update_time":1664543197324,"last_updated_at":"2022-09-30T13:06:37Z"}},"entity":{"job_run":{"job_ref":"ffc0206a-e305-491b-b550-631823ff77eb","job_name":"Enrich DV tables_publish_job","job_type":"metadata_enrichment_area_publish","state":"Completed","isScheduledRun":false,"configuration":{"metadata_enrichment_area_id":"a99d3d09-2403-41f5-a722-fbc354b170cc","env_type":"metadata_enrichment_area_publish","env_variables":[],"catalog_id":"bf217836-41bc-4076-b84b-91303df6adfa","duplicate_action":"UPDATE","asset_ids":["a6e97872-8bea-4978-9985-34f96e05cfba"]},"project_name":"Govern DV","last_state_change_timestamp":"2022-09-30T13:06:37Z","duration":14}},"attachments":[{"id":"4ed84f26-a168-4e96-b8af-92eb01588269","version":2,"asset_type":"job_run","name":"jobRunLog_b4647b33-963a-4af6-b7d4-34b75dc4c54c","mime":"text/plain","datasource_type":"81bafdbd-b7c6-45c5-a4fd-6ec135f66f4e","object_key":"mdesm/jobRunLog_b4647b33-963a-4af6-b7d4-34b75dc4c54c.txt","creator_id":"icp4d-dev","create_time":1664543196554,"size":251,"is_remote":false,"is_managed":false,"is_referenced":true,"is_object_key_read_only":false,"is_user_provided_path_key":true,"transfer_complete":true,"is_partitioned":false,"complete_time_ticks":1664543196554,"user_data":{},"test_doc":0,"handle":{"key":"mdesm/jobRunLog_b4647b33-963a-4af6-b7d4-34b75dc4c54c.txt","upload_id":"done","max_part_num":1},"usage":{"access_count":0,"last_accessor_id":"icp4d-dev","last_access_time":1664543196554}},{"id":"d8eaaf57-e7a7-4966-a222-6ed299fecf9c","version":2,"asset_type":"job_run","name":"86f2dad5-f6bb-497d-ad44-71d65442be27","description":"log for job run 86f2dad5-f6bb-497d-ad44-71d65442be27","mime":"application/json","datasource_type":"81bafdbd-b7c6-45c5-a4fd-6ec135f66f4e","object_key":"mdesm/jobRunLog_b4647b33-963a-4af6-b7d4-34b75dc4c54c.txt","creator_id":"icp4d-dev","create_time":1664543197200,"size":0,"is_remote":false,"is_managed":false,"is_referenced":true,"is_object_key_read_only":false,"is_user_provided_path_key":true,"transfer_complete":true,"is_partitioned":true,"complete_time_ticks":1664543197200,"user_data":{},"test_doc":0,"handle":{"key":"mdesm/jobRunLog_b4647b33-963a-4af6-b7d4-34b75dc4c54c.txt","upload_id":"done","max_part_num":1},"usage":{"access_count":0,"last_accessor_id":"icp4d-dev","last_access_time":1664543197200}}]}