{"metadata":{"asset_id":"78c06250-293f-4ca6-ae64-a1d2bf8c7207","asset_attributes":["job_run"],"name":"job run","asset_type":"job_run","created_at":"2022-09-30T14:09:52Z","origin_country":"us","owner_id":"1000331002","project_id":"c12dc7ea-26f7-4c7f-9a21-7ed161017873","size":251,"usage":{"last_update_time":1664547007282,"last_updated_at":"2022-09-30T14:10:07Z"}},"entity":{"job_run":{"job_ref":"ffc0206a-e305-491b-b550-631823ff77eb","job_name":"Enrich DV tables_publish_job","job_type":"metadata_enrichment_area_publish","state":"Completed","isScheduledRun":false,"configuration":{"metadata_enrichment_area_id":"a99d3d09-2403-41f5-a722-fbc354b170cc","env_type":"metadata_enrichment_area_publish","env_variables":[],"catalog_id":"2412949f-d9f6-4a23-b8a1-2a7b5e3332b8","duplicate_action":"UPDATE","asset_ids":["cf34ca71-fe5d-4408-a63c-eddb7961469c"]},"project_name":"Govern DV","last_state_change_timestamp":"2022-09-30T14:10:07Z","duration":13}},"attachments":[{"id":"1ffcdd5b-81e9-4814-aa54-4b6a70340733","version":2,"asset_type":"job_run","name":"jobRunLog_f09e2673-6737-45c7-97d5-9e42117fe818","mime":"text/plain","datasource_type":"81bafdbd-b7c6-45c5-a4fd-6ec135f66f4e","object_key":"mdesm/jobRunLog_f09e2673-6737-45c7-97d5-9e42117fe818.txt","creator_id":"icp4d-dev","create_time":1664547006473,"size":251,"is_remote":false,"is_managed":false,"is_referenced":true,"is_object_key_read_only":false,"is_user_provided_path_key":true,"transfer_complete":true,"is_partitioned":false,"complete_time_ticks":1664547006473,"user_data":{},"test_doc":0,"handle":{"key":"mdesm/jobRunLog_f09e2673-6737-45c7-97d5-9e42117fe818.txt","upload_id":"done","max_part_num":1},"usage":{"access_count":0,"last_accessor_id":"icp4d-dev","last_access_time":1664547006473}},{"id":"58680780-a9ba-4809-90b3-97951c8a4afe","version":2,"asset_type":"job_run","name":"78c06250-293f-4ca6-ae64-a1d2bf8c7207","description":"log for job run 78c06250-293f-4ca6-ae64-a1d2bf8c7207","mime":"application/json","datasource_type":"81bafdbd-b7c6-45c5-a4fd-6ec135f66f4e","object_key":"mdesm/jobRunLog_f09e2673-6737-45c7-97d5-9e42117fe818.txt","creator_id":"icp4d-dev","create_time":1664547007234,"size":0,"is_remote":false,"is_managed":false,"is_referenced":true,"is_object_key_read_only":false,"is_user_provided_path_key":true,"transfer_complete":true,"is_partitioned":true,"complete_time_ticks":1664547007234,"user_data":{},"test_doc":0,"handle":{"key":"mdesm/jobRunLog_f09e2673-6737-45c7-97d5-9e42117fe818.txt","upload_id":"done","max_part_num":1},"usage":{"access_count":0,"last_accessor_id":"icp4d-dev","last_access_time":1664547007234}}]}