{"metadata":{"asset_id":"08e6633a-7fd7-4157-bf1d-8a5c3b0769a0","asset_attributes":["job_run"],"name":"job run","asset_type":"job_run","created_at":"2022-09-30T13:12:58Z","origin_country":"us","owner_id":"1000331002","project_id":"c12dc7ea-26f7-4c7f-9a21-7ed161017873","size":251,"usage":{"last_update_time":1664543597137,"last_updated_at":"2022-09-30T13:13:17Z"}},"entity":{"job_run":{"job_ref":"ffc0206a-e305-491b-b550-631823ff77eb","job_name":"Enrich DV tables_publish_job","job_type":"metadata_enrichment_area_publish","state":"Completed","isScheduledRun":false,"configuration":{"metadata_enrichment_area_id":"a99d3d09-2403-41f5-a722-fbc354b170cc","env_type":"metadata_enrichment_area_publish","env_variables":[],"catalog_id":"2412949f-d9f6-4a23-b8a1-2a7b5e3332b8","duplicate_action":"UPDATE","asset_ids":["a6e97872-8bea-4978-9985-34f96e05cfba"]},"project_name":"Govern DV","last_state_change_timestamp":"2022-09-30T13:13:17Z","duration":18}},"attachments":[{"id":"0ff5ecec-e597-4d67-a296-d1d3dc3616fd","version":2,"asset_type":"job_run","name":"jobRunLog_149a69fc-aad1-4bb1-8f80-34e9427fc5f7","mime":"text/plain","datasource_type":"81bafdbd-b7c6-45c5-a4fd-6ec135f66f4e","object_key":"mdesm/jobRunLog_149a69fc-aad1-4bb1-8f80-34e9427fc5f7.txt","creator_id":"icp4d-dev","create_time":1664543596567,"size":251,"is_remote":false,"is_managed":false,"is_referenced":true,"is_object_key_read_only":false,"is_user_provided_path_key":true,"transfer_complete":true,"is_partitioned":false,"complete_time_ticks":1664543596567,"user_data":{},"test_doc":0,"handle":{"key":"mdesm/jobRunLog_149a69fc-aad1-4bb1-8f80-34e9427fc5f7.txt","upload_id":"done","max_part_num":1},"usage":{"access_count":0,"last_accessor_id":"icp4d-dev","last_access_time":1664543596567}},{"id":"50b85f59-58d3-4d67-8186-90a476c149c1","version":2,"asset_type":"job_run","name":"08e6633a-7fd7-4157-bf1d-8a5c3b0769a0","description":"log for job run 08e6633a-7fd7-4157-bf1d-8a5c3b0769a0","mime":"application/json","datasource_type":"81bafdbd-b7c6-45c5-a4fd-6ec135f66f4e","object_key":"mdesm/jobRunLog_149a69fc-aad1-4bb1-8f80-34e9427fc5f7.txt","creator_id":"icp4d-dev","create_time":1664543597070,"size":0,"is_remote":false,"is_managed":false,"is_referenced":true,"is_object_key_read_only":false,"is_user_provided_path_key":true,"transfer_complete":true,"is_partitioned":true,"complete_time_ticks":1664543597070,"user_data":{},"test_doc":0,"handle":{"key":"mdesm/jobRunLog_149a69fc-aad1-4bb1-8f80-34e9427fc5f7.txt","upload_id":"done","max_part_num":1},"usage":{"access_count":0,"last_accessor_id":"icp4d-dev","last_access_time":1664543597070}}]}