{"metadata":{"asset_id":"ec7a5b86-fb55-4265-aed5-7e1aa15e8690","asset_attributes":["job_run"],"name":"job run","asset_type":"job_run","created_at":"2022-09-30T13:03:17Z","origin_country":"us","owner_id":"1000331002","project_id":"c12dc7ea-26f7-4c7f-9a21-7ed161017873","size":530,"usage":{"last_update_time":1664543104743,"last_updated_at":"2022-09-30T13:05:04Z"}},"entity":{"job_run":{"job_ref":"5a6d1b83-1152-4332-910c-259544d77c2a","job_name":"Enrich DV tables","job_type":"metadata_enrichment_area","state":"Completed","isScheduledRun":false,"configuration":{"env_type":"","env_variables":[]},"project_name":"Govern DV","last_state_change_timestamp":"2022-09-30T13:05:04Z","duration":106}},"attachments":[{"id":"fab10c4a-c65f-4a22-bc91-9f4175948d85","version":2,"asset_type":"job_run","name":"jobRunLog_414a3c42-04b2-47cc-a8e4-ab56b2d37a7f","mime":"text/plain","datasource_type":"81bafdbd-b7c6-45c5-a4fd-6ec135f66f4e","object_key":"mdesm/jobRunLog_414a3c42-04b2-47cc-a8e4-ab56b2d37a7f.txt","creator_id":"icp4d-dev","create_time":1664543103746,"size":530,"is_remote":false,"is_managed":false,"is_referenced":true,"is_object_key_read_only":false,"is_user_provided_path_key":true,"transfer_complete":true,"is_partitioned":false,"complete_time_ticks":1664543103746,"user_data":{},"test_doc":0,"handle":{"key":"mdesm/jobRunLog_414a3c42-04b2-47cc-a8e4-ab56b2d37a7f.txt","upload_id":"done","max_part_num":1},"usage":{"access_count":0,"last_accessor_id":"icp4d-dev","last_access_time":1664543103746}},{"id":"bc487592-b055-4ee7-ab77-18d4899836ac","version":2,"asset_type":"job_run","name":"ec7a5b86-fb55-4265-aed5-7e1aa15e8690","description":"log for job run ec7a5b86-fb55-4265-aed5-7e1aa15e8690","mime":"application/json","datasource_type":"81bafdbd-b7c6-45c5-a4fd-6ec135f66f4e","object_key":"mdesm/jobRunLog_414a3c42-04b2-47cc-a8e4-ab56b2d37a7f.txt","creator_id":"icp4d-dev","create_time":1664543104451,"size":0,"is_remote":false,"is_managed":false,"is_referenced":true,"is_object_key_read_only":false,"is_user_provided_path_key":true,"transfer_complete":true,"is_partitioned":true,"complete_time_ticks":1664543104451,"user_data":{},"test_doc":0,"handle":{"key":"mdesm/jobRunLog_414a3c42-04b2-47cc-a8e4-ab56b2d37a7f.txt","upload_id":"done","max_part_num":1},"usage":{"access_count":0,"last_accessor_id":"icp4d-dev","last_access_time":1664543104451}}]}