{"metadata":{"asset_id":"a2f5d9bf-3603-43ee-9521-bc4798c48313","asset_attributes":["job_run"],"name":"job run","asset_type":"job_run","created_at":"2022-09-30T09:54:30Z","origin_country":"us","owner_id":"1000331002","project_id":"c12dc7ea-26f7-4c7f-9a21-7ed161017873","size":530,"usage":{"last_update_time":1664531783756,"last_updated_at":"2022-09-30T09:56:23Z"}},"entity":{"job_run":{"job_ref":"aac2f275-0b2b-4134-b831-a82eb732983d","job_name":"Enrich DV tables","job_type":"metadata_enrichment_area","state":"Completed","isScheduledRun":false,"configuration":{"env_type":"","env_variables":[]},"project_name":"Govern DV","last_state_change_timestamp":"2022-09-30T09:56:23Z","duration":113}},"attachments":[{"id":"b7185562-9c4e-4777-ad7b-8ad720a6cf45","version":2,"asset_type":"job_run","name":"jobRunLog_f81fb69a-5ceb-4c42-ad2c-88e93617a431","mime":"text/plain","datasource_type":"81bafdbd-b7c6-45c5-a4fd-6ec135f66f4e","object_key":"mdesm/jobRunLog_f81fb69a-5ceb-4c42-ad2c-88e93617a431.txt","creator_id":"icp4d-dev","create_time":1664531783502,"size":530,"is_remote":false,"is_managed":false,"is_referenced":true,"is_object_key_read_only":false,"is_user_provided_path_key":true,"transfer_complete":true,"is_partitioned":false,"complete_time_ticks":1664531783502,"user_data":{},"test_doc":0,"handle":{"key":"mdesm/jobRunLog_f81fb69a-5ceb-4c42-ad2c-88e93617a431.txt","upload_id":"done","max_part_num":1},"usage":{"access_count":0,"last_accessor_id":"icp4d-dev","last_access_time":1664531783502}},{"id":"0e17d325-3214-415e-a62c-c535c554e0ac","version":2,"asset_type":"job_run","name":"a2f5d9bf-3603-43ee-9521-bc4798c48313","description":"log for job run a2f5d9bf-3603-43ee-9521-bc4798c48313","mime":"application/json","datasource_type":"81bafdbd-b7c6-45c5-a4fd-6ec135f66f4e","object_key":"mdesm/jobRunLog_f81fb69a-5ceb-4c42-ad2c-88e93617a431.txt","creator_id":"icp4d-dev","create_time":1664531783709,"size":0,"is_remote":false,"is_managed":false,"is_referenced":true,"is_object_key_read_only":false,"is_user_provided_path_key":true,"transfer_complete":true,"is_partitioned":true,"complete_time_ticks":1664531783709,"user_data":{},"test_doc":0,"handle":{"key":"mdesm/jobRunLog_f81fb69a-5ceb-4c42-ad2c-88e93617a431.txt","upload_id":"done","max_part_num":1},"usage":{"access_count":0,"last_accessor_id":"icp4d-dev","last_access_time":1664531783709}}]}