{"metadata":{"asset_id":"a99d3d09-2403-41f5-a722-fbc354b170cc","asset_attributes":["metadata_enrichment_area"],"name":"Enrich DV tables","asset_type":"metadata_enrichment_area","created_at":"2022-09-30T13:00:48Z","description":"","origin_country":"us","owner_id":"1000331002","project_id":"c12dc7ea-26f7-4c7f-9a21-7ed161017873","size":0,"tags":[],"usage":{"last_update_time":1664546484267,"last_updated_at":"2022-09-30T14:01:24Z"}},"entity":{"metadata_enrichment_area":{"description":"","name":"Enrich DV tables","job":{"name":"Enrich DV tables","id":"5a6d1b83-1152-4332-910c-259544d77c2a"},"objective":{"enrichment_options":{"structured":{"profile":true,"assign_terms":true,"analyze_quality":true}},"governance_scope":[{"type":"CATEGORY","id":"e39ada11-8338-3704-90e3-681a71e7c839"},{"type":"CATEGORY","id":"eb5cbd85-3b85-492c-8bda-aaf08a16a0cd"},{"type":"CATEGORY","id":"d380c3c9-4f3c-4822-9d60-a7c65bb0de69"},{"type":"CATEGORY","id":"3baf3860-4127-4708-a319-e97477a8f1d0"},{"type":"CATEGORY","id":"eebd338d-dbd5-37e4-9e4a-1296de82963a"},{"type":"CATEGORY","id":"39cdac42-804a-4667-ae54-993c19055f7c"}],"sampling":{"structured":{"method":"TOP","sample_size":{"name":"BASIC","options":{"row_number":1000,"classify_value_number":100}}}},"datascope_of_reruns":"ALL"},"status":"READY","publish_job":{"id":"ffc0206a-e305-491b-b550-631823ff77eb"},"data_scope_version":1}},"attachments":[]}