{"metadata":{"asset_id":"a1b94c6a-76dd-4910-87fa-45a6d52ce24c","asset_attributes":["metadata_enrichment_area"],"name":"Enrich Churn Tables","asset_type":"metadata_enrichment_area","created_at":"2022-09-30T14:52:49Z","description":"","origin_country":"us","owner_id":"1000331002","project_id":"c12dc7ea-26f7-4c7f-9a21-7ed161017873","size":0,"tags":[],"usage":{"last_update_time":1664550214980,"last_updated_at":"2022-09-30T15:03:34Z"}},"entity":{"metadata_enrichment_area":{"description":"","name":"Enrich Churn Tables","job":{"name":"Enrich Churn Tables","id":"888d0c7c-5d07-4712-a61a-f60a0ce3d51a"},"objective":{"enrichment_options":{"structured":{"profile":true,"assign_terms":true,"analyze_quality":true}},"governance_scope":[{"type":"CATEGORY","id":"e39ada11-8338-3704-90e3-681a71e7c839"},{"type":"CATEGORY","id":"eb5cbd85-3b85-492c-8bda-aaf08a16a0cd"},{"type":"CATEGORY","id":"d380c3c9-4f3c-4822-9d60-a7c65bb0de69"},{"type":"CATEGORY","id":"3baf3860-4127-4708-a319-e97477a8f1d0"},{"type":"CATEGORY","id":"eebd338d-dbd5-37e4-9e4a-1296de82963a"},{"type":"CATEGORY","id":"39cdac42-804a-4667-ae54-993c19055f7c"}],"sampling":{"structured":{"method":"TOP","sample_size":{"name":"BASIC","options":{"row_number":1000,"classify_value_number":100}}}},"datascope_of_reruns":"ALL"},"status":"READY","publish_job":{"id":"dc0b9f69-96e3-42a5-8120-bff3fee97f41"}}},"attachments":[]}