{"metadata":{"asset_id":"b07ef136-1b1f-4b42-a0b0-d0a54c76eaed","asset_attributes":["project_mde_settings"],"name":"MDE settings for project c12dc7ea-26f7-4c7f-9a21-7ed161017873","asset_type":"project_mde_settings","created_at":"2022-09-30T09:05:03Z","origin_country":"us","owner_id":"1000331002","project_id":"c12dc7ea-26f7-4c7f-9a21-7ed161017873","size":0,"tags":[],"usage":{"last_update_time":1664528703810,"last_updated_at":"2022-09-30T09:05:03Z"}},"entity":{"project_mde_settings":{"settings":"{\"structured_profiling\":{\"null_threshold\":0.05,\"uniqueness_threshold\":0.95,\"constant_threshold\":0.99,\"quality_score_threshold\":0.8,\"data_class_assignment_threshold\":0.75,\"data_class_suggestion_threshold\":0.25},\"term_assignment\":{\"term_assignment_threshold\":0.9,\"term_suggestion_threshold\":0.75,\"class_based_assignments\":true,\"ml_based_assignments\":true,\"name_matching\":true}}"}}}