{"metadata":{"asset_id":"d2cca378-f03b-4d47-9fee-d96e0045b303","asset_attributes":["term_assignment_model"],"name":"term_assignment_model","asset_type":"term_assignment_model","created_at":"2022-09-30T09:06:51Z","description":"The term assignment model.","origin_country":"us","owner_id":"icp4d-dev","project_id":"c12dc7ea-26f7-4c7f-9a21-7ed161017873","size":116132,"usage":{"last_update_time":1664531779832,"last_updated_at":"2022-09-30T09:56:19Z"}},"entity":{"term_assignment_model":{"description":"The term assignment model.","training":{"status":"success","model_description":"Model generated by automatic training on 2022-09-30T09:56:14Z. Reason to initiate training: 130 terms were updated since the last trained date.","phase":"upload","started_at":"2022-09-30T09:56:15Z","model_details":{"use_data_profile":false,"Number of categories":5,"Number of terms":140,"Number of tables":1,"Number of distinct columns":0,"Number of term assignments":0},"finished_at":"2022-09-30T09:56:18Z","model_id":"ebf96c88-8b12-453f-960f-167d30c9b361"},"project_id":"c12dc7ea-26f7-4c7f-9a21-7ed161017873","active_model":{"model_id":"ebf96c88-8b12-453f-960f-167d30c9b361","origin":"training","finished_at":"2022-09-30T09:56:18Z","model_details":{"use_data_profile":false,"Number of categories":5,"Number of terms":140,"Number of tables":1,"Number of distinct columns":0,"Number of term assignments":0},"model_description":"Model generated by automatic training on 2022-09-30T09:56:14Z. Reason to initiate training: 130 terms were updated since the last trained date."}}},"attachments":[{"id":"ae9f4797-b347-4f42-888b-7d63e2559904","version":2,"asset_type":"term_assignment_model","name":"term_assignment_model_c12dc7ea-26f7-4c7f-9a21-7ed161017873_d2cca378-f03b-4d47-9fee-d96e0045b303","mime":"application/octet-stream","datasource_type":"81bafdbd-b7c6-45c5-a4fd-6ec135f66f4e","creator_id":"icp4d-dev","create_time":1664528816454,"size":27872,"is_remote":false,"is_managed":true,"is_referenced":false,"is_object_key_read_only":false,"is_user_provided_path_key":false,"transfer_complete":true,"is_partitioned":false,"complete_time_ticks":1664528816579,"user_data":{},"test_doc":0,"handle":{"type":"assetfiles","key":"83ff1848-4761-4e76-b0c8-7b9bda9f40c2/d2cca378-f03b-4d47-9fee-d96e0045b303/ae9f4797-b347-4f42-888b-7d63e2559904","upload_id":"done","max_part_num":1},"usage":{"access_count":0,"last_accessor_id":"icp4d-dev","last_access_time":1664528816454}},{"id":"ebf96c88-8b12-453f-960f-167d30c9b361","version":2,"asset_type":"term_assignment_model","name":"term_assignment_model_c12dc7ea-26f7-4c7f-9a21-7ed161017873_d2cca378-f03b-4d47-9fee-d96e0045b303","mime":"application/octet-stream","datasource_type":"81bafdbd-b7c6-45c5-a4fd-6ec135f66f4e","creator_id":"icp4d-dev","create_time":1664531779245,"size":88260,"is_remote":false,"is_managed":true,"is_referenced":false,"is_object_key_read_only":false,"is_user_provided_path_key":false,"transfer_complete":true,"is_partitioned":false,"complete_time_ticks":1664531779390,"user_data":{},"test_doc":0,"handle":{"type":"assetfiles","key":"83ff1848-4761-4e76-b0c8-7b9bda9f40c2/d2cca378-f03b-4d47-9fee-d96e0045b303/ebf96c88-8b12-453f-960f-167d30c9b361","upload_id":"done","max_part_num":1},"usage":{"access_count":0,"last_accessor_id":"icp4d-dev","last_access_time":1664531779245}}]}