Name,Artifact Type,Category,Artifact ID,Description,Tags,Stewards
Payment,category,,39cdac42-804a-4667-ae54-993c19055f7c,,,
Locations,category,,eebd338d-dbd5-37e4-9e4a-1296de82963a,Locations Category (LC) is defined as parent for locations reference datasets.,,
Customer,category,,eb5cbd85-3b85-492c-8bda-aaf08a16a0cd,,,
Industry Accelerators,category,,d380c3c9-4f3c-4822-9d60-a7c65bb0de69,The IBM Industry Accelerators are a suite of collections of various artifacts intended to address a particular business or industry issue.,,
Customer 360 Degree View,category,d380c3c9-4f3c-4822-9d60-a7c65bb0de69,3baf3860-4127-4708-a319-e97477a8f1d0,"The collection of concepts and metrics useful for analysis of customer segmentation, credit risk, loyalty and social media sentiment. © Copyright IBM Corp. 2019. All Rights Reserved",,
