Name,Artifact Type,Category,Artifact ID,Description,Tags,Classifications,Stewards,Related Terms,Business Start,Business End,Part Of Terms,Type Of Terms,Abbreviations,Data Classes,Synonyms,Secondary Categories
Membership Plan,glossary_term,eb5cbd85-3b85-492c-8bda-aaf08a16a0cd,0936465c-6c6b-4cbe-a98d-00f660c1372b,,,,,,2022-09-29 10:47:41,,,,,,,
Estimated Income,glossary_term,eb5cbd85-3b85-492c-8bda-aaf08a16a0cd,0df0342b-81a0-4c5b-b9da-29ddd150f657,Estimated Income of a customer per year,,,,,2022-09-29 10:47:41,,,,,,,
Average Monthly Spend,glossary_term,eb5cbd85-3b85-492c-8bda-aaf08a16a0cd,3d9ff44d-af1f-4dea-86e3-ca533334f404,,,,,,2022-09-29 10:47:41,,,,,,,
Children,glossary_term,eb5cbd85-3b85-492c-8bda-aaf08a16a0cd,46b0c3a0-0ec2-46f7-bf3d-fb0b3bab1a58,Number of children,,,,,2022-09-29 10:47:41,,,,,,,
Car Owner,glossary_term,eb5cbd85-3b85-492c-8bda-aaf08a16a0cd,48510abe-a960-401d-aa6d-c643ef454fab,,,,,,2022-09-29 10:47:41,,,,,,,
Marital status,glossary_term,eb5cbd85-3b85-492c-8bda-aaf08a16a0cd,7400eab4-5913-43b8-876c-6069774ead19,Marital status of a customer,,,,,2022-09-29 10:47:41,,,,Status,,,
Churn,glossary_term,eb5cbd85-3b85-492c-8bda-aaf08a16a0cd,76e20a75-63a7-4842-87d5-9ff3bca4c280,,,,,,2022-09-29 10:47:41,,,,,,,
Customer Support Calls,glossary_term,eb5cbd85-3b85-492c-8bda-aaf08a16a0cd,b6e314cc-aa4c-48f7-9988-aefa743746dd,,,,,,2022-09-29 10:47:41,,,,,,,
Paymethod,glossary_term,eb5cbd85-3b85-492c-8bda-aaf08a16a0cd,cab36693-da3d-4c53-82e4-b415ecbdd634,,,,,,2022-09-29 10:47:41,,,,,,,
Gender,glossary_term,eb5cbd85-3b85-492c-8bda-aaf08a16a0cd,e3e086c9-4432-41ff-a813-71b9a53e9ea2,Gender of a customer,,,,,2022-09-29 10:47:41,,,,,,,
Postal Address Area Type,glossary_term,3baf3860-4127-4708-a319-e97477a8f1d0,00258be4-d17d-4965-8f0e-79dc1070919e,"Classifies the area to which the postal address belongs according to the density, type and layout of buildings.",,,,,2022-09-30 09:52:45,,6db1cf35-c0c0-463f-849e-c078aa1172ae,,,,,
Telephone Number,glossary_term,3baf3860-4127-4708-a319-e97477a8f1d0,00532da3-0576-4bdb-ba89-35eabfa2d893,The general-purpose telephone information that is needed to contact a wired or wireless telephone device.,,,,,2022-09-30 09:52:45,,dfb49107-b45d-4f62-8109-b6c5acc4de65,,,1be21b86-23e9-4a9b-8b21-1ea94c2725b1,,
Customer Account Revenue Class,glossary_term,3baf3860-4127-4708-a319-e97477a8f1d0,01cd5990-3030-4db8-be5a-d1624a7ea158,"The classification of the customers revenue for accounting, for example: residential, commercial, industrial.",,,,,2022-09-30 09:52:45,,38427821-9c9e-48b2-ae4c-1fdab1af899c,,,,,
Household Income Source,glossary_term,3baf3860-4127-4708-a319-e97477a8f1d0,02718a1c-0e77-46ba-adc9-3ec026b63216,"The source of income that contributes to most of the income for the household, which is relevant for accounts where ability-to-pay information was collected.",,,,,2022-09-30 09:52:45,,0fff410a-3571-42af-9239-e0780894128b,,,,,
Account Name,glossary_term,3baf3860-4127-4708-a319-e97477a8f1d0,065072e9-f910-46a3-8108-546f85d79005,A free-form text name of the account.,,,,,2022-09-30 09:52:45,,38427821-9c9e-48b2-ae4c-1fdab1af899c,,,,,
Country Code,glossary_term,3baf3860-4127-4708-a319-e97477a8f1d0,084b28d0-6ad4-4bae-954f-6525750d57bd,"A code which identifies a country, for example: the country code for Ireland is 'IE'.",,,,,2022-09-30 09:52:45,,efe504df-dc24-4a8f-85ef-27a31c583eca,,,,,
Customer Age,glossary_term,3baf3860-4127-4708-a319-e97477a8f1d0,0b9eb0d5-855f-464a-87cd-4341197cf573,Age of an individual customer in years,,,,,2022-09-30 09:52:45,,,,,0092df41-bc73-43ac-80e0-40be4c2295b5,,
Adult Household Members,glossary_term,3baf3860-4127-4708-a319-e97477a8f1d0,0e699341-ea38-4470-a8d8-319ea99d5c82,The number of household members that are aged 18 years or older.,,,,,2022-09-30 09:52:45,,0fff410a-3571-42af-9239-e0780894128b,,,,,
Street,glossary_term,3baf3860-4127-4708-a319-e97477a8f1d0,0ecf0eff-957e-44ba-a6c1-01ebc62bb651,The name of the street of the address.,,,,,2022-09-30 09:52:45,,6db1cf35-c0c0-463f-849e-c078aa1172ae,,,,,
City,glossary_term,3baf3860-4127-4708-a319-e97477a8f1d0,0f24b808-147d-4edd-a46e-6f6818c0360e,A geographic area that defines the boundaries of a community where people live. It is generally an incorporated or chartered area of a state or province.,,,,8add56a5-acc2-4262-a5e9-e343ba0e2864,2022-09-30 09:52:45,,,,,,,
Household,glossary_term,3baf3860-4127-4708-a319-e97477a8f1d0,0fff410a-3571-42af-9239-e0780894128b,"A group of individuals, who can be resident at the same address and members of the same family, that share a common economic interest and are treated as a unit for certain purposes.",,,,3b55618c-cb58-4c38-a5ba-ec5ae9059327,2022-09-30 09:52:45,,,,,,,
Ethnicity,glossary_term,3baf3860-4127-4708-a319-e97477a8f1d0,10422997-30e9-4405-97c1-abc5c0ca566b,"A classification of an individual based on their membership in a group that is united and defined to a greater or lesser degree by common history, beliefs, culture, nationality, etc.",,,,,2022-09-30 09:52:45,,dfb49107-b45d-4f62-8109-b6c5acc4de65,,,,,
Stock Trade Transaction Number,glossary_term,3baf3860-4127-4708-a319-e97477a8f1d0,16050080-b05a-4c26-8583-5aee3c0404b5,Stock Trade Transaction Number,,,,,2022-09-30 09:52:45,,,,,5e09addc-ec65-4a2a-a552-951804433be1,,
Customer Name,glossary_term,3baf3860-4127-4708-a319-e97477a8f1d0,16e9f6a0-5574-459e-9cfc-4b52e5d9f6e0,"The name by which a customer is known and which is usually used to identify that customer. For example: International Business Machines Corporation (IBM), Joe Bloggs.",,,,,2022-09-30 09:52:45,,dfb49107-b45d-4f62-8109-b6c5acc4de65,,,,,
Dormant Customer Rate,glossary_term,3baf3860-4127-4708-a319-e97477a8f1d0,181d2c84-8025-436d-9b8c-fd2ad1083014,The dormant customers expressed as a percentage of the active customers at the end of the analyzed period.,,,,,2022-09-30 09:52:45,,,,,,,
Customer Retirement Age,glossary_term,3baf3860-4127-4708-a319-e97477a8f1d0,19562089-deba-4baa-ac47-45c3a885acf8,The age in which the person is retiring and ceases to work in permanent employment.,,,,,2022-09-30 09:52:45,,dfb49107-b45d-4f62-8109-b6c5acc4de65,,,,,
Account Closed Date,glossary_term,3baf3860-4127-4708-a319-e97477a8f1d0,19910cb9-7890-4678-b7e6-d097681eb844,The date when the account was closed.,,,,,2022-09-30 09:52:45,,38427821-9c9e-48b2-ae4c-1fdab1af899c,,,,,
CREDIT CARD NUMBER,glossary_term,3baf3860-4127-4708-a319-e97477a8f1d0,1a0acd0b-7493-4709-adc3-0feee9c55786,Confidential Card Number,,1d1fc4c0-c89f-462b-b69a-d6970dd46080,,,2022-09-30 09:52:45,,,,CREDITNO,18c80b6d-8e9b-4efa-ad67-e887a8d3cc62,,
Dormant Customers,glossary_term,3baf3860-4127-4708-a319-e97477a8f1d0,1af2c5bb-8caf-475e-a89f-43ec99a45105,The number of customers without account transaction and communication during a given period of time. The dormant customers are the customers without any active contracts.,,,,,2022-09-30 09:52:45,,,,,,,
Primary Account Holder,glossary_term,3baf3860-4127-4708-a319-e97477a8f1d0,1c4cf930-77c5-4e49-b1fe-beb6b35bcbb0,The primary account holder associated with the customer account.,,,,dfb49107-b45d-4f62-8109-b6c5acc4de65,2022-09-30 09:52:45,,38427821-9c9e-48b2-ae4c-1fdab1af899c,,,,,
Postal Address Zipcode,glossary_term,3baf3860-4127-4708-a319-e97477a8f1d0,29a3f9c8-9f61-4a2d-821b-6930b37e1573,Postal Address Zipcode,,,,,2022-09-30 09:52:45,,,,,09dc92d9-9df3-4df6-a458-0567e1e84adf,,
Customer Account Collection Status,glossary_term,3baf3860-4127-4708-a319-e97477a8f1d0,2a6926ee-2f12-4430-8b5d-8ac8500a72f8,"A high-level status that describes where a customer is in the collections business cycle, for example: active, inactive.",,,,,2022-09-30 09:52:45,,38427821-9c9e-48b2-ae4c-1fdab1af899c,,,,,
Account Type,glossary_term,3baf3860-4127-4708-a319-e97477a8f1d0,2a701a09-c146-4723-8fbe-3a4d9199fc0d,The categorization of the account into distinct types.,,,,,2022-09-30 09:52:45,,38427821-9c9e-48b2-ae4c-1fdab1af899c,,,,,
Household Home Ownership,glossary_term,3baf3860-4127-4708-a319-e97477a8f1d0,2c1670f9-80d0-435d-8202-f47c6058e0cd,Indicates whether a member of the household is also the property owner.,,,,,2022-09-30 09:52:45,,0fff410a-3571-42af-9239-e0780894128b,,,,,
Customer Agreement Type,glossary_term,3baf3860-4127-4708-a319-e97477a8f1d0,2ed15266-fe0b-435b-afc2-32697b99910a,An organization specific classification of the customer agreement.,,,,,2022-09-30 09:52:45,,98ce0353-422e-4fd0-8ba1-889cfcddcf17,,,,,
Customer Type,glossary_term,3baf3860-4127-4708-a319-e97477a8f1d0,2f6c431e-de00-4ea8-8ca8-a60a13140d49,"The type of the customer based on the classification of the organization that is in a contractual or other relationship with the customer, for example: residential, industrial, commercial, government.",,,,,2022-09-30 09:52:45,,dfb49107-b45d-4f62-8109-b6c5acc4de65,,,,,
Credit Card Type,glossary_term,3baf3860-4127-4708-a319-e97477a8f1d0,327b700f-28d7-4002-b80b-d9162edbe30e,"Credit Card Type (Amex, Visa, Master, Diners Club etc.)",,,,,2022-09-30 09:52:45,,,,,6d111a62-5588-4c54-8055-829f944072bc,,
Customer Agreement Payment Method,glossary_term,3baf3860-4127-4708-a319-e97477a8f1d0,3365d63a-b61f-4887-ac5a-2273ed1c12a0,"The type of payment that is received from the customer, for example: check, card, cash, electronic funds transfer, direct debit.",,,,,2022-09-30 09:52:45,,98ce0353-422e-4fd0-8ba1-889cfcddcf17,,,,,
Customer Agreement Validity End,glossary_term,3baf3860-4127-4708-a319-e97477a8f1d0,34f1a9bc-e66b-4e20-ac56-2b44106bb3c4,The date and time when the validity of the customer agreement ceased.,,,,,2022-09-30 09:52:45,,98ce0353-422e-4fd0-8ba1-889cfcddcf17,,,,,
Customer Account,glossary_term,3baf3860-4127-4708-a319-e97477a8f1d0,38427821-9c9e-48b2-ae4c-1fdab1af899c,Customer account includes information from the customer agreements to create billings or invoices for a customer and receive payment.,,,,dfb49107-b45d-4f62-8109-b6c5acc4de65,2022-09-30 09:52:45,,,,,,,
"",,,,,,,,98ce0353-422e-4fd0-8ba1-889cfcddcf17,,,,,,,,
Email Address,glossary_term,3baf3860-4127-4708-a319-e97477a8f1d0,3b13f4e7-5b5d-45a5-86d7-b028ab7e6aa2,"An electronic address that can be used to send and receive correspondence over a computer network, for example: jsmith@jonesinc.com.",,,,,2022-09-30 09:52:45,,dfb49107-b45d-4f62-8109-b6c5acc4de65,,,3a8ef83d-47f5-4933-93e5-81233652ed74,,
Customer Household,glossary_term,3baf3860-4127-4708-a319-e97477a8f1d0,3b55618c-cb58-4c38-a5ba-ec5ae9059327,The household of the customer if the customer is a person.,,,,0fff410a-3571-42af-9239-e0780894128b,2022-09-30 09:52:45,,dfb49107-b45d-4f62-8109-b6c5acc4de65,,,,,
Transaction Count,glossary_term,3baf3860-4127-4708-a319-e97477a8f1d0,3c12b48a-2c62-480e-a454-91c4c2ad5981,Number of Customer Stock Trades,,,,,2022-09-30 09:52:45,,,,,5e09addc-ec65-4a2a-a552-951804433be1,,
Customer Credit Score,glossary_term,3baf3860-4127-4708-a319-e97477a8f1d0,3f6594ee-c59a-4c9c-afc8-0b9394a5c3fe,A score that evaluates the ability of a customer to pay their debts. Rating scores are viewed in terms of the specific type of assessment or set of values used to evaluate a particular aspect of a financial services marketplace.,,,,,2022-09-30 09:52:45,,dfb49107-b45d-4f62-8109-b6c5acc4de65,,,,,
Account Status,glossary_term,3baf3860-4127-4708-a319-e97477a8f1d0,4060d02b-b229-4fef-9934-9e3539b5c041,"The status of the account, for example: active, pending active, pending transfer, final, written off.",,,,,2022-09-30 09:52:45,,38427821-9c9e-48b2-ae4c-1fdab1af899c,,,,,
Customer Annual Income,glossary_term,3baf3860-4127-4708-a319-e97477a8f1d0,419daa50-63ad-45f1-bd4c-e11486828a0c,"The amount of money an individual earns in a single year. Usually includes person's salary and bonuses as well as any other non-employment related income such as dividends from holdings in stocks and shares, trusts.",,,,,2022-09-30 09:52:45,,dfb49107-b45d-4f62-8109-b6c5acc4de65,,,,,
Customer Agreement Payment Cycle,glossary_term,3baf3860-4127-4708-a319-e97477a8f1d0,41f30911-461c-4d77-8dc7-20c0e870e013,"The payment frequency that the customer is contractually expected to observe, for example: ad-hoc, on specified date, weekly, monthly.",,,,,2022-09-30 09:52:45,,98ce0353-422e-4fd0-8ba1-889cfcddcf17,,,,,
City Name,glossary_term,3baf3860-4127-4708-a319-e97477a8f1d0,43904694-0f85-46b7-8ade-636d56c45899,"Identifies the label assigned to or by which a city may be identified, for example: Chicago, Dublin, Sydney.",,,,,2022-09-30 09:52:45,,0f24b808-147d-4edd-a46e-6f6818c0360e,,,,,
Customer Language,glossary_term,3baf3860-4127-4708-a319-e97477a8f1d0,4897ae1c-808f-48fa-ae1a-2cc79c8ad34e,Identifies the natural language associated with customer for use in communications.,,,,,2022-09-30 09:52:45,,dfb49107-b45d-4f62-8109-b6c5acc4de65,,,,,
State,glossary_term,3baf3860-4127-4708-a319-e97477a8f1d0,48a5e258-9ff5-4626-b92b-2e2bff1f829b,A geographic area that is a political subdivision of a country. This can be a state or Province.,,,,e35ed229-fefe-4650-93a8-1ac161657e99,2022-09-30 09:52:45,,,,,,,
Customer Status,glossary_term,3baf3860-4127-4708-a319-e97477a8f1d0,4ca2778d-85bf-412d-b90b-4155f99d630a,"The status of the customer based on whether there is an active agreement in place between the customer and the organization, for example: active, dormant, former, prospect.",,,,,2022-09-30 09:52:45,,dfb49107-b45d-4f62-8109-b6c5acc4de65,,,,,
Customer Net Present Value,glossary_term,3baf3860-4127-4708-a319-e97477a8f1d0,4d2336c7-2d1d-450b-bca7-5cd981765b7b,The present value of the customer's net expected future cash flows minus the cost of investment (or cost of acquisition).,,,,,2022-09-30 09:52:45,,dfb49107-b45d-4f62-8109-b6c5acc4de65,,,,,
Stock Transaction Date,glossary_term,3baf3860-4127-4708-a319-e97477a8f1d0,4ec823b4-534f-4014-9e9d-48d4bdd0a02f,Date of last Stock trade of a given customer,,,,,2022-09-30 09:52:45,,,,,bb60797d-d6da-4eee-9eb6-3418096690b8,,
Monthly Housing Cost,glossary_term,3baf3860-4127-4708-a319-e97477a8f1d0,4f2bad75-acdd-4b99-861d-2a1a71cb60e6,The cost of the residential accommodation that may be based on rental or mortgage payments.,,,,,2022-09-30 09:52:45,,dfb49107-b45d-4f62-8109-b6c5acc4de65,,,,,
Account Opened Date,glossary_term,3baf3860-4127-4708-a319-e97477a8f1d0,515d1ea8-8df8-4cc8-9067-f151538f43c2,The date when the account was opened.,,,,,2022-09-30 09:52:45,,38427821-9c9e-48b2-ae4c-1fdab1af899c,,,,,
State Name,glossary_term,3baf3860-4127-4708-a319-e97477a8f1d0,53f6ea1f-3de5-414c-8daf-4d2c41e217dc,"Identifies the label assigned to or by which a state may be identified, for example: Florida, Texas, Kentucky.",,,,,2022-09-30 09:52:45,,48a5e258-9ff5-4626-b92b-2e2bff1f829b,,,,,
Internet Banking Use Indicator,glossary_term,3baf3860-4127-4708-a319-e97477a8f1d0,56aea078-7e7e-4b8b-9d8d-668c6324fc1c,Indicate whether the customer is using the internet banking services provided by a financial institution.,,,,,2022-09-30 09:52:45,,dfb49107-b45d-4f62-8109-b6c5acc4de65,,,,,
Customer Risk Category,glossary_term,3baf3860-4127-4708-a319-e97477a8f1d0,5d34408f-9273-403a-9420-69d50c2684d2,"The classification of the risk that a customer will stop paying for goods or services, for example: critical, high, medium, low. As a result, if the customer debts are uncollectible, the organization might need to write off the customer account balance.",,,,,2022-09-30 09:52:45,,dfb49107-b45d-4f62-8109-b6c5acc4de65,,,,,
Customer Market Segment,glossary_term,3baf3860-4127-4708-a319-e97477a8f1d0,5d6ea4d2-4096-4ff0-8e05-17966cede7a8,The customer classification that is used to segment customers to produce and track the sales forecast.,,,,,2022-09-30 09:52:45,,dfb49107-b45d-4f62-8109-b6c5acc4de65,,,,,
Customer Identifier,glossary_term,3baf3860-4127-4708-a319-e97477a8f1d0,5f3895c5-4983-4048-addf-4b43514d074b,A unique number that identifies the customer.,,,,,2022-09-30 09:52:45,,dfb49107-b45d-4f62-8109-b6c5acc4de65,,,293ded35-f729-4173-8ff4-2ee42a20a9a1,,
First Name,glossary_term,3baf3860-4127-4708-a319-e97477a8f1d0,5f60defa-b804-45dc-850b-258650ef31b3,"A personal name typically used to refer to an individual in informal circumstances, for example: John, Mary.",,,,,2022-09-30 09:52:45,,dfb49107-b45d-4f62-8109-b6c5acc4de65,,,,,
Customer Level Of Authority,glossary_term,3baf3860-4127-4708-a319-e97477a8f1d0,6087ed23-d745-4046-b766-518c4d387672,"An indicator of the customer's level of authority in their peer group, which provides insight into the impacts of the customer's behavior on the behavior of other people.",,,,,2022-09-30 09:52:45,,dfb49107-b45d-4f62-8109-b6c5acc4de65,,,,,
Death Date,glossary_term,3baf3860-4127-4708-a319-e97477a8f1d0,61012545-ffb9-4e32-a442-909823543234,The date when the person died.,,,,,2022-09-30 09:52:45,,dfb49107-b45d-4f62-8109-b6c5acc4de65,,,,,
Customer Sentiment,glossary_term,3baf3860-4127-4708-a319-e97477a8f1d0,635b8307-8401-49e3-9821-d249f7645371,The overall attitude of the customer to the goods or services provided by the organization.,,,,,2022-09-30 09:52:45,,dfb49107-b45d-4f62-8109-b6c5acc4de65,,,,,
Social Media Account,glossary_term,3baf3860-4127-4708-a319-e97477a8f1d0,635bb8ea-bfa8-48b9-a02a-e0fa217882cd,A profile that pertains to the social media presence of a person or organization. A person or organization each can have more than one social media account.,,,,b169a1a4-39bd-4a6e-94a5-91654c1d4390,2022-09-30 09:52:45,,,,,,,
Stock Account Balance,glossary_term,3baf3860-4127-4708-a319-e97477a8f1d0,69c856e1-f05e-4271-8fa6-1cfcbe712a8a,Customer Stock Account/Portfolio Balance,,,,,2022-09-30 09:52:45,,,,,e6389335-14ba-453b-bffb-fe02ff13d010,,
Customer Social Security Number,glossary_term,3baf3860-4127-4708-a319-e97477a8f1d0,6ae4eedd-fe65-4132-aa47-80f96f3672d6,The unique number assigned to an Individual by a governmental agency for the purposes of qualifying for Social Security benefits.,,,,,2022-09-30 09:52:45,,dfb49107-b45d-4f62-8109-b6c5acc4de65,,,,,
Postal Address,glossary_term,3baf3860-4127-4708-a319-e97477a8f1d0,6db1cf35-c0c0-463f-849e-c078aa1172ae,The address to which mail is delivered.,,,,da30d6cc-0e27-4d98-9056-aa6c7c4601ab,2022-09-30 09:52:45,,,,,,,
"",,,,,,,,89f6b628-abf9-4527-8da7-0dd6ea5ee406,,,,,,,,
"",,,,,,,,efe504df-dc24-4a8f-85ef-27a31c583eca,,,,,,,,
"",,,,,,,,e9214189-fd3e-47cf-8152-64a145af3a75,,,,,,,,
Customer Influencer Score,glossary_term,3baf3860-4127-4708-a319-e97477a8f1d0,6dc1ded4-bcb7-496f-8e02-7d7d8bae525e,A score that expresses the influence that the customer has on others. The score suggests how strongly the communication and behavior of the customer influences the behavior of other people.,,,,,2022-09-30 09:52:45,,dfb49107-b45d-4f62-8109-b6c5acc4de65,,,,,
Household Number Of Cars,glossary_term,3baf3860-4127-4708-a319-e97477a8f1d0,72b4c2dd-66d8-40c6-b459-18dc3317baef,The number of cars that are used by the household.,,,,,2022-09-30 09:52:45,,0fff410a-3571-42af-9239-e0780894128b,,,,,
Household Size,glossary_term,3baf3860-4127-4708-a319-e97477a8f1d0,75f0a212-afdc-4c48-bd66-1ba6d5a3877d,The number of people who are members of the household.,,,,,2022-09-30 09:52:45,,0fff410a-3571-42af-9239-e0780894128b,,,,,
Date Of Birth,glossary_term,3baf3860-4127-4708-a319-e97477a8f1d0,7d268373-8e9d-455b-869c-60a8949c3d73,Identifies the birth date of an individual.,,,,,2022-09-30 09:52:45,,dfb49107-b45d-4f62-8109-b6c5acc4de65,,,918af388-245f-4384-876f-b50027ae4d26,,
Customer Agreement Status,glossary_term,3baf3860-4127-4708-a319-e97477a8f1d0,7de06d41-b471-4b7c-ab4c-043b1161b538,"The status of the agreement, for example: not eligible, pending, approved.",,,,,2022-09-30 09:52:45,,98ce0353-422e-4fd0-8ba1-889cfcddcf17,,,,,
Customer churned,glossary_term,3baf3860-4127-4708-a319-e97477a8f1d0,7ebfed9d-b6a0-49dc-aa5d-df82ee3377ad,"Flag, that customer churned",,,,,2022-09-30 09:52:45,,,,,,,
Customer Agreement Channel,glossary_term,3baf3860-4127-4708-a319-e97477a8f1d0,80848272-20ec-45e1-8a6c-52d816556458,"The channel through which the agreement has been made, for example: phone, web, email, letter.",,,,,2022-09-30 09:52:45,,98ce0353-422e-4fd0-8ba1-889cfcddcf17,,,,,
Country Name,glossary_term,3baf3860-4127-4708-a319-e97477a8f1d0,861014bb-4f8c-45d9-a643-4f0c8163ce1e,"Identifies the label assigned to or by which a country may be identified, for example: Ireland, India.",,,,,2022-09-30 09:52:45,,efe504df-dc24-4a8f-85ef-27a31c583eca,,,,,
Gender,glossary_term,3baf3860-4127-4708-a319-e97477a8f1d0,86fa8ce3-bd62-48d5-b3f7-17e02a1aab8a,"Indicates an individual's gender, for example: male, female.",,,,,2022-09-30 09:52:45,,dfb49107-b45d-4f62-8109-b6c5acc4de65,,,,,
Customer Pursuit,glossary_term,3baf3860-4127-4708-a319-e97477a8f1d0,8837b07b-e8cc-43c1-86a8-ba9b760271a6,Classification of customer based on primary living habits and interests of the person.,,,,,2022-09-30 09:52:45,,dfb49107-b45d-4f62-8109-b6c5acc4de65,,,,,
Mailing Address,glossary_term,3baf3860-4127-4708-a319-e97477a8f1d0,89f6b628-abf9-4527-8da7-0dd6ea5ee406,The postal address selected by customer for receiving of mail communication.,,,,6db1cf35-c0c0-463f-849e-c078aa1172ae,2022-09-30 09:52:45,,dfb49107-b45d-4f62-8109-b6c5acc4de65,,,,,
Account Number,glossary_term,3baf3860-4127-4708-a319-e97477a8f1d0,8ab61384-da65-4310-bb26-419436ccacd5,A unique business identifier for the account.,,,,,2022-09-30 09:52:45,,38427821-9c9e-48b2-ae4c-1fdab1af899c,,,,,
Postal Address City,glossary_term,3baf3860-4127-4708-a319-e97477a8f1d0,8add56a5-acc2-4262-a5e9-e343ba0e2864,Identifies the city component of postal address.,,,,0f24b808-147d-4edd-a46e-6f6818c0360e,2022-09-30 09:52:45,,6db1cf35-c0c0-463f-849e-c078aa1172ae,,,,,
Customer Advisor,glossary_term,3baf3860-4127-4708-a319-e97477a8f1d0,8fb54995-407d-4831-9cb7-154e94817482,The person that provides financial advisory services to the customer.,,,,,2022-09-30 09:52:45,,dfb49107-b45d-4f62-8109-b6c5acc4de65,,,,,
Preferred Contact Method,glossary_term,3baf3860-4127-4708-a319-e97477a8f1d0,914bf454-e2ef-4794-bf1d-450f615bb3ba,"Preferred contact method for communication, for example: mail, email, call, text.",,,,,2022-09-30 09:52:45,,dfb49107-b45d-4f62-8109-b6c5acc4de65,,,,,
Customer Agreement Number,glossary_term,3baf3860-4127-4708-a319-e97477a8f1d0,91bc6f5b-54c1-4990-b896-2c8df307095e,The unique alphanumeric value that is assigned in the business process and identifies the customer agreement.,,,,,2022-09-30 09:52:45,,98ce0353-422e-4fd0-8ba1-889cfcddcf17,,,,,
Customer Loyalty Score,glossary_term,3baf3860-4127-4708-a319-e97477a8f1d0,91cc78bf-ede6-4969-9756-05d1892ed881,"Identifies rating of the tendency of the customer to remain loyal to a company, indicating the likelihood that the customer may purchase from another company.",,,,,2022-09-30 09:52:45,,dfb49107-b45d-4f62-8109-b6c5acc4de65,,,,,
Children Household Members,glossary_term,3baf3860-4127-4708-a319-e97477a8f1d0,9228e596-2d03-42e8-ad45-6e4afa6c63d9,The number of household members who are under the age of 18 years.,,,,,2022-09-30 09:52:45,,0fff410a-3571-42af-9239-e0780894128b,,,,,
Education Level,glossary_term,3baf3860-4127-4708-a319-e97477a8f1d0,92e0f782-1601-46d0-a74c-492c0689da16,The highest level of education of the person.,,,,,2022-09-30 09:52:45,,dfb49107-b45d-4f62-8109-b6c5acc4de65,,,,,
Customer Agreement,glossary_term,3baf3860-4127-4708-a319-e97477a8f1d0,98ce0353-422e-4fd0-8ba1-889cfcddcf17,An agreement between the customer and the organization to pay for goods or services. The agreement records billing information about the type of service and product that is provided.,,,,38427821-9c9e-48b2-ae4c-1fdab1af899c,2022-09-30 09:52:45,,,,,,,
"",,,,,,,,dfb49107-b45d-4f62-8109-b6c5acc4de65,,,,,,,,
Employment Status,glossary_term,3baf3860-4127-4708-a319-e97477a8f1d0,997c95ac-332e-491b-b22e-9f5db92ee651,"The employment status of an individual, for example: full-time, part-time, unemployed, retired.",,,,,2022-09-30 09:52:45,,dfb49107-b45d-4f62-8109-b6c5acc4de65,,,,,
Debt Service Coverage Ratio,glossary_term,3baf3860-4127-4708-a319-e97477a8f1d0,9a2e38f9-80e5-4b6a-9457-1a7da9c3fd1a,"The debt service coverage ratio (DSCR), is the ratio of cash available for debt servicing to interest, principal and lease payments.",,,,,2022-09-30 09:52:45,,dfb49107-b45d-4f62-8109-b6c5acc4de65,,,,,
Household Identifier,glossary_term,3baf3860-4127-4708-a319-e97477a8f1d0,9f0cda59-4952-4747-b6ae-2a2e7959e74b,A unique number that identifies the household.,,,,,2022-09-30 09:52:45,,0fff410a-3571-42af-9239-e0780894128b,,,,,
Social Media Account Platform,glossary_term,3baf3860-4127-4708-a319-e97477a8f1d0,a4305162-008e-47bc-be5b-f0ba61582b7b,The social network platform on which the account exists.,,,,,2022-09-30 09:52:45,,635bb8ea-bfa8-48b9-a02a-e0fa217882cd,,,,,
Account Status Date,glossary_term,3baf3860-4127-4708-a319-e97477a8f1d0,a5881fc9-8a59-4c8e-8e2e-1178455469cf,"Identifies a date that represents a calendar date associated with a change in account status; for example, date the account achieved a status of In Default.",,,,,2022-09-30 09:52:45,,38427821-9c9e-48b2-ae4c-1fdab1af899c,,,,,
Customer Agreement Sign Date,glossary_term,3baf3860-4127-4708-a319-e97477a8f1d0,a5d5f5cf-bc84-4ef4-bd42-517b5ad6324d,"The date when the customer agreement was consummated among associated persons, organizations or both.",,,,,2022-09-30 09:52:45,,98ce0353-422e-4fd0-8ba1-889cfcddcf17,,,,,
Customer Lifetime Value,glossary_term,3baf3860-4127-4708-a319-e97477a8f1d0,a7ddfe6c-07c3-4568-805f-8fb36ae25664,The total projected earnings of a customer to the organization over its probable lifetime.,,,,,2022-09-30 09:52:45,,dfb49107-b45d-4f62-8109-b6c5acc4de65,,,,,
Last Name,glossary_term,3baf3860-4127-4708-a319-e97477a8f1d0,aba21acc-cd56-466a-a95d-b03618a1575d,"Identifies an individual's name which belongs to the family the Individual is a part of, for example: Smith, Mueller.",,,,,2022-09-30 09:52:45,,dfb49107-b45d-4f62-8109-b6c5acc4de65,,,,,
Customer Agreement Validity Start,glossary_term,3baf3860-4127-4708-a319-e97477a8f1d0,b06a3d28-7046-4e74-84e9-169e96a34818,The date and time when the validity of the customer agreement commenced.,,,,,2022-09-30 09:52:45,,98ce0353-422e-4fd0-8ba1-889cfcddcf17,,,,,
Customer Social Media Account,glossary_term,3baf3860-4127-4708-a319-e97477a8f1d0,b169a1a4-39bd-4a6e-94a5-91654c1d4390,The social network account used to communicate with the customer.,,,,635bb8ea-bfa8-48b9-a02a-e0fa217882cd,2022-09-30 09:52:45,,dfb49107-b45d-4f62-8109-b6c5acc4de65,,,,,
Customer Willingness To Recommend,glossary_term,3baf3860-4127-4708-a319-e97477a8f1d0,b1c7a042-b3ad-41f1-829c-55020085811a,The customer's satisfaction with a product that quantifies the probability that the customer would recommend this product.,,,,,2022-09-30 09:52:45,,dfb49107-b45d-4f62-8109-b6c5acc4de65,,,,,
State Code,glossary_term,3baf3860-4127-4708-a319-e97477a8f1d0,b2b64907-85d6-47d8-b842-a5939a0a0640,"A code which identifies a state or province, for example: the state code for Florida is 'FL'.",,,,,2022-09-30 09:52:45,,48a5e258-9ff5-4626-b92b-2e2bff1f829b,,,,,
Family Household,glossary_term,3baf3860-4127-4708-a319-e97477a8f1d0,b2b8ab4a-fcc8-4028-a60f-c74bc70636e9,"Indicates whether the household includes a couple, as well as at least one child of the couple.",,,,,2022-09-30 09:52:45,,0fff410a-3571-42af-9239-e0780894128b,,,,,
Wallet Share,glossary_term,3baf3860-4127-4708-a319-e97477a8f1d0,b3722b97-decd-4e48-9de1-5a94fbd9f44f,Indicates available wealth of customer compared to his utilization of products and services of the organization.,,,,,2022-09-30 09:52:45,,dfb49107-b45d-4f62-8109-b6c5acc4de65,,,,,
Oldest Household Child Birth Year,glossary_term,3baf3860-4127-4708-a319-e97477a8f1d0,b6d43aa2-d7bb-413c-baba-a848bf7ce60c,The year on which the oldest child member of household was born.,,,,,2022-09-30 09:52:45,,0fff410a-3571-42af-9239-e0780894128b,,,,,
Account Balance,glossary_term,3baf3860-4127-4708-a319-e97477a8f1d0,b93c5452-f3c2-402e-a3b2-10a68a32a614,"The total amount that is outstanding on the account, debit or credit.",,,,,2022-09-30 09:52:45,,38427821-9c9e-48b2-ae4c-1fdab1af899c,,,,,
Customer Occupation,glossary_term,3baf3860-4127-4708-a319-e97477a8f1d0,c1103c7f-3c01-48c5-8649-aa662ff72928,"Name of the person's work or business engagement, for example: farmer, professional, tradesperson, author, business owner, consultant, doctor, economist, homemaker.",,,,,2022-09-30 09:52:45,,dfb49107-b45d-4f62-8109-b6c5acc4de65,,,,,
Address Line 1 Description,glossary_term,3baf3860-4127-4708-a319-e97477a8f1d0,c308fd97-7d6a-49e1-9776-c2be3247b982,"First line of the address, which includes street and building number.",,,,,2022-09-30 09:52:45,,6db1cf35-c0c0-463f-849e-c078aa1172ae,,,,,
Postal Code,glossary_term,3baf3860-4127-4708-a319-e97477a8f1d0,c346f537-c665-43aa-9ea1-f209e17a11f0,A code that is included in a postal address to assist the sorting of mail.,,,,,2022-09-30 09:52:45,,6db1cf35-c0c0-463f-849e-c078aa1172ae,,,,,
Household Gross Income,glossary_term,3baf3860-4127-4708-a319-e97477a8f1d0,c3d38d4d-bc5d-48e4-a6d7-3b8d373d7296,"The annual total of all income sources for the household, derived from the gross income of the household members.",,,,,2022-09-30 09:52:45,,0fff410a-3571-42af-9239-e0780894128b,,,,,
Household Poverty Level,glossary_term,3baf3860-4127-4708-a319-e97477a8f1d0,c5746583-c93d-422b-bed0-6f473eeccd74,"The percentage of poverty that is based on the annual income and number of members of a household, which is calculated for accounts for which ability-to-pay information was collected.",,,,,2022-09-30 09:52:45,,0fff410a-3571-42af-9239-e0780894128b,,,,,
Household Purchasing Power,glossary_term,3baf3860-4127-4708-a319-e97477a8f1d0,c7fea940-d447-4b7b-932b-4fa104a1d9a9,"A rating of the relative spending power of the household, for example: affluent, low income, upper middle income.",,,,,2022-09-30 09:52:45,,0fff410a-3571-42af-9239-e0780894128b,,,,,
Youngest Household Adult Birth Year,glossary_term,3baf3860-4127-4708-a319-e97477a8f1d0,cf115689-3216-428a-8ac3-1474f162be29,The year on which the youngest child member of household was born.,,,,,2022-09-30 09:52:45,,0fff410a-3571-42af-9239-e0780894128b,,,,,
Customer Acquisition Cost,glossary_term,3baf3860-4127-4708-a319-e97477a8f1d0,cfdaa461-19e3-477e-bcad-999991dc4c23,The primary costs of establishing the customer. The money spent on convincing the customer to purchase the products or services of the organization.,,,,,2022-09-30 09:52:45,,dfb49107-b45d-4f62-8109-b6c5acc4de65,,,,,
Seniors Household Members,glossary_term,3baf3860-4127-4708-a319-e97477a8f1d0,d1129ff7-9db8-496e-ad7b-1be547018e9b,The number of household members who are categorized as seniors.,,,,,2022-09-30 09:52:45,,0fff410a-3571-42af-9239-e0780894128b,,,,,
Event Customer,glossary_term,3baf3860-4127-4708-a319-e97477a8f1d0,d409c37b-163e-48ff-a59f-6ac3d3b22a7f,The customer to which the event is related to.,,,,dfb49107-b45d-4f62-8109-b6c5acc4de65,2022-09-30 09:52:45,,,,,,,
Youngest Household Child Birth Year,glossary_term,3baf3860-4127-4708-a319-e97477a8f1d0,d7778e6a-9feb-4025-8df2-10d6dda010c2,The year on which the youngest adult member of household was born.,,,,,2022-09-30 09:52:45,,0fff410a-3571-42af-9239-e0780894128b,,,,,
Marital Status,glossary_term,3baf3860-4127-4708-a319-e97477a8f1d0,d80292ca-b418-4733-8496-6531865ef614,Current legal situation of the individual regarding marriage.,,,,,2022-09-30 09:52:45,,dfb49107-b45d-4f62-8109-b6c5acc4de65,,,,,
Social Media Account Name,glossary_term,3baf3860-4127-4708-a319-e97477a8f1d0,da0f3b3c-e7ff-4f85-963f-15691c56782c,"The online name that is used for the social media account, which can be a pseudonym, such as a nickname or alias.",,,,,2022-09-30 09:52:45,,635bb8ea-bfa8-48b9-a02a-e0fa217882cd,,,,,
Work Address,glossary_term,3baf3860-4127-4708-a319-e97477a8f1d0,da30d6cc-0e27-4d98-9056-aa6c7c4601ab,The address of a person's work.,,,,6db1cf35-c0c0-463f-849e-c078aa1172ae,2022-09-30 09:52:45,,dfb49107-b45d-4f62-8109-b6c5acc4de65,,,,,
Household Disposable Income,glossary_term,3baf3860-4127-4708-a319-e97477a8f1d0,daa29f48-8624-435d-9987-57bae716f388,"The amount of money that a household can spend after having paid all fixed expenses such as rent, mortgage repayments and so on.",,,,,2022-09-30 09:52:45,,0fff410a-3571-42af-9239-e0780894128b,,,,,
Customer Advisor Organization,glossary_term,3baf3860-4127-4708-a319-e97477a8f1d0,dbd87234-44cc-4d9f-9fe3-1a240617e3bc,The organization that provides financial advisory services to the customer.,,,,,2022-09-30 09:52:45,,dfb49107-b45d-4f62-8109-b6c5acc4de65,,,,,
Customer IBAN,glossary_term,3baf3860-4127-4708-a319-e97477a8f1d0,dbe12387-1ebf-4a3a-ba97-ceab6b537163,Customer International Bank Account Number,,1d1fc4c0-c89f-462b-b69a-d6970dd46080,,,2022-09-30 09:52:45,,,,,98ae80fd-2826-4ccc-ba10-aefeada13842,,
Customer,glossary_term,3baf3860-4127-4708-a319-e97477a8f1d0,dfb49107-b45d-4f62-8109-b6c5acc4de65,A person or organization buying goods or services from the organization.,,,,1c4cf930-77c5-4e49-b1fe-beb6b35bcbb0,2022-09-30 09:52:45,,,,,,,
"",,,,,,,,38427821-9c9e-48b2-ae4c-1fdab1af899c,,,,,,,,
"",,,,,,,,d409c37b-163e-48ff-a59f-6ac3d3b22a7f,,,,,,,,
"",,,,,,,,98ce0353-422e-4fd0-8ba1-889cfcddcf17,,,,,,,,
Driver License Number,glossary_term,3baf3860-4127-4708-a319-e97477a8f1d0,e05848ad-4b34-49f2-8d01-ded42a98bdbd,The unique number assigned to an individual's driver license.,,,,,2022-09-30 09:52:45,,dfb49107-b45d-4f62-8109-b6c5acc4de65,,,,,
Postal Address State,glossary_term,3baf3860-4127-4708-a319-e97477a8f1d0,e35ed229-fefe-4650-93a8-1ac161657e99,Identifies the state component of postal address.,,,,48a5e258-9ff5-4626-b92b-2e2bff1f829b,2022-09-30 09:52:45,,6db1cf35-c0c0-463f-849e-c078aa1172ae,,,,,
Primary Branch Proximity,glossary_term,3baf3860-4127-4708-a319-e97477a8f1d0,e370511b-b12e-491c-a18f-4a4ba51bd435,The distance of the primary branch location from the customer home address.,,,,,2022-09-30 09:52:45,,dfb49107-b45d-4f62-8109-b6c5acc4de65,,,,,
Customer Satisfaction,glossary_term,3baf3860-4127-4708-a319-e97477a8f1d0,e4145a67-b3c0-480e-9373-eee406e16701,The overall satisfaction of the customer with the goods or services that are provided by the organization.,,,,,2022-09-30 09:52:45,,dfb49107-b45d-4f62-8109-b6c5acc4de65,,,,,
Postal Address Street,glossary_term,3baf3860-4127-4708-a319-e97477a8f1d0,e680d2d1-f61d-46db-9f59-bf812a6e3f9e,Postal Address Street,,,,,2022-09-30 09:52:45,,,,,d2dcbe13-b9dd-4a0d-ac48-f8b4e95d5e25,,
Home Address,glossary_term,3baf3860-4127-4708-a319-e97477a8f1d0,e9214189-fd3e-47cf-8152-64a145af3a75,The address of a person's home.,,,,6db1cf35-c0c0-463f-849e-c078aa1172ae,2022-09-30 09:52:45,,dfb49107-b45d-4f62-8109-b6c5acc4de65,,,,,
Customer Influenced Probability,glossary_term,3baf3860-4127-4708-a319-e97477a8f1d0,eccb7806-0de8-481c-b6b6-35216237d464,The probability that the customer can be influenced by the opinions of others.,,,,,2022-09-30 09:52:45,,dfb49107-b45d-4f62-8109-b6c5acc4de65,,,,,
Country,glossary_term,3baf3860-4127-4708-a319-e97477a8f1d0,efe504df-dc24-4a8f-85ef-27a31c583eca,A geographic area that defines the boundaries of a nation.,,,,6db1cf35-c0c0-463f-849e-c078aa1172ae,2022-09-30 09:52:45,,,,,,,
"",,,,,,,,fa417e7e-1932-4f8c-a3c7-36bc6b3963e3,,,,,,,,
Oldest Household Adult Birth Year,glossary_term,3baf3860-4127-4708-a319-e97477a8f1d0,f24f6160-91f2-412e-9c60-ebf022c9d294,The year on which the oldest adult member of household was born.,,,,,2022-09-30 09:52:45,,0fff410a-3571-42af-9239-e0780894128b,,,,,
Active Customers,glossary_term,3baf3860-4127-4708-a319-e97477a8f1d0,f5b58c09-fda2-4d87-90f0-48d9820b5c7d,The number of customers that have at least one active customer agreement at the end of the period.,,,,,2022-09-30 09:52:45,,,,,,,
Head Of Household Indicator,glossary_term,3baf3860-4127-4708-a319-e97477a8f1d0,f8208400-2bec-4188-9637-f6f30ab6bd59,Indicates whether the customer has certain legal and financial obligations to other members of the household.,,,,,2022-09-30 09:52:45,,dfb49107-b45d-4f62-8109-b6c5acc4de65,,,,,
Household Tenancy Status,glossary_term,3baf3860-4127-4708-a319-e97477a8f1d0,f923d815-733b-48b8-bb92-1e8417a636c9,"The tenancy status of the household main residence, for example: own, rent.",,,,,2022-09-30 09:52:45,,0fff410a-3571-42af-9239-e0780894128b,,,,,
Customer Account Overdue Balance,glossary_term,3baf3860-4127-4708-a319-e97477a8f1d0,f953dfec-6104-453b-8831-0491ccd477a1,The total unpaid billed amount on the customer account that is older than predefined period.,,,,,2022-09-30 09:52:45,,38427821-9c9e-48b2-ae4c-1fdab1af899c,,,,,
Household Internet Use,glossary_term,3baf3860-4127-4708-a319-e97477a8f1d0,f9d51aca-5d7b-445b-85c4-aeba8b876656,Indicates whether the Internet is used in the household.,,,,,2022-09-30 09:52:45,,0fff410a-3571-42af-9239-e0780894128b,,,,,
Postal Address Country,glossary_term,3baf3860-4127-4708-a319-e97477a8f1d0,fa417e7e-1932-4f8c-a3c7-36bc6b3963e3,Identifies the country component of postal address.,,,,efe504df-dc24-4a8f-85ef-27a31c583eca,2022-09-30 09:52:45,,6db1cf35-c0c0-463f-849e-c078aa1172ae,,,,,
Customer Social Network Influence Score,glossary_term,3baf3860-4127-4708-a319-e97477a8f1d0,fbe04d40-4b1a-4eb6-984f-15b51f0834ff,The score that expresses the influence that the customer has on others. The score suggests how strong the communication and behavior of the customer influences the behavior of other people.,,,,,2022-09-30 09:52:45,,dfb49107-b45d-4f62-8109-b6c5acc4de65,,,,,
Customer Importance,glossary_term,3baf3860-4127-4708-a319-e97477a8f1d0,ff097680-78ea-42bc-a098-15e2d0e47cfc,"The level of importance that the customer has to the organization, for example: low, normal, high, VIP.",,,,,2022-09-30 09:52:45,,dfb49107-b45d-4f62-8109-b6c5acc4de65,,,,,
Household Members,glossary_term,3baf3860-4127-4708-a319-e97477a8f1d0,ffe391d2-72b5-41db-a912-d3369c030ad4,"The number of people, both adults and children, who are part of the household.",,,,,2022-09-30 09:52:45,,0fff410a-3571-42af-9239-e0780894128b,,,,,
