"code","value","description","parent","reference data set","related terms","is_multi_mapped_to_c57cb90f-2126-3800-9c9f-9eab82021cdf"
"JPN","Japan","Japan",,"534561ac-1080-3714-b7aa-5a5809ff1f00",,"OSA,TOK"
"CHL","Chile","Chile",,,,
"ITA","Italy","Italy","EU",,,
"PRT","Portugal","Portugal","EU",,,
"CAN","Canada","Canada",,,,"TOR"
"USA","United States of America","United States of America",,,,"DAL,WAS"
"FRA","France","France","EU",,,
"BEL","Belgium","Belgium","EU",,,
"MEX","Mexico","Mexico",,,,
"BRA","Brazil","Brazil",,,,"SAO"
"DEU","Germany","Germany","EU",,,"FRA"
"ARG","Argentina","Argentina",,,,
"AUS","Australia","Australia",,,,"SYD"
"CHN","China","China",,,,
"RUS","Russian Federation","Russian Federation",,,,
"NZL","New Zealand","New Zealand",,,,
"EU","European Union","European Union",,,,
"TUR","Turkey","Turkey",,,,
"GBR","United Kingdom of Great Britain and Northern Ireland","United Kingdom of Great Britain and Northern Ireland",,,,"LON"
"PRK","Korea (Democratic People's Republic of)","Korea (Democratic People's Republic of)",,,,
"HKG","Hong Kong","Hong Kong",,,,
"NLD","Netherlands","Netherlands","EU",,,
